timestamp,date (UTC),NO2 (ppb),VOC (ppb),pm 10 (ug/m3),pm 2.5 (ug/m3),NO2 (Plume AQI),VOC (Plume AQI),pm 10 (Plume AQI),pm 2.5 (Plume AQI),pm 1 (ug/m3),pm 1 (Plume AQI)
1601424016,30/09/2020 00:00,7,158,3,2,7,13,3,4,1,3
1601424076,30/09/2020 00:01,10,159,3,2,9,13,3,4,1,3
1601424136,30/09/2020 00:02,7,162,3,2,7,13,3,4,1,3
1601424196,30/09/2020 00:03,10,157,8.127903938,2.02713871,9,13,8,4,1,3
1601424256,30/09/2020 00:04,9,158,3,2,8,13,3,4,1,3
1601424316,30/09/2020 00:05,7,158,3,2,7,13,3,4,1,3
1601424376,30/09/2020 00:06,8,161,3,2,8,13,3,4,1,3
1601424436,30/09/2020 00:07,8,155,4.107730389,2,8,12,4,4,1,3
1601424496,30/09/2020 00:08,8,157,10.86777401,2.162939072,8,13,11,4,1,3
1601424556,30/09/2020 00:09,7,158,3,2,7,13,3,4,1,3
1601424616,30/09/2020 00:10,9,154,3,2,8,12,3,4,1,3
1601424676,30/09/2020 00:11,10,157,3,2,9,13,3,4,1,3
1601424736,30/09/2020 00:12,10,156,3,2,10,12,3,4,1,3
1601424796,30/09/2020 00:13,8,155,14.20649052,2,8,12,14,4,1,3
1601424856,30/09/2020 00:14,9,158,3,2,9,13,3,4,1,3
1601424916,30/09/2020 00:15,9,156,3,2,9,12,3,4,1,3
1601424976,30/09/2020 00:16,8,163,3,2,8,13,3,4,1,3
1601425036,30/09/2020 00:17,9,156,3,2,9,12,3,4,1,3
1601425156,30/09/2020 00:19,9,155,3,2,9,12,3,4,1,3
1601425216,30/09/2020 00:20,10,156,3,2,10,12,3,4,1,3
1601425276,30/09/2020 00:21,11,158,15.97015762,2,11,13,16,4,1,3
1601425336,30/09/2020 00:22,8,155,3,2,8,12,3,4,1,3
1601425396,30/09/2020 00:23,8,156,6.845137596,2,8,12,7,4,1,3
1601425456,30/09/2020 00:24,11,159,3,2,11,13,3,4,1,3
1601425516,30/09/2020 00:25,12,162,12.35741997,2.48274231,11,13,12,5,1,3
1601425576,30/09/2020 00:26,11,163,3,2,11,13,3,4,1,3
1601425636,30/09/2020 00:27,8,157,3,2,8,13,3,4,1,3
1601425696,30/09/2020 00:28,11,156,3,2,11,12,3,4,1,3
1601425756,30/09/2020 00:29,9,160,3,2,9,13,3,4,1,3
1601425816,30/09/2020 00:30,10,162,3,2,10,13,3,4,1,3
1601425876,30/09/2020 00:31,10,158,3,2,10,13,3,4,1,3
1601425936,30/09/2020 00:32,11,160,3,2,11,13,3,4,1,3
1601425996,30/09/2020 00:33,8,155,3,2,8,12,3,4,1,3
1601426056,30/09/2020 00:34,9,157,3,2,9,13,3,4,1,3
1601426116,30/09/2020 00:35,10,165,3,2,10,13,3,4,1,3
1601426176,30/09/2020 00:36,10,159,3,2,10,13,3,4,1,3
1601426236,30/09/2020 00:37,10,159,13.40486717,2,10,13,13,4,1,3
1601426296,30/09/2020 00:38,11,160,3,2,11,13,3,4,1,3
1601426356,30/09/2020 00:39,11,159,3,2,11,13,3,4,1,3
1601426476,30/09/2020 00:41,10,161,3,2,10,13,3,4,1,3
1601426596,30/09/2020 00:43,10,161,3,2,10,13,3,4,1,3
1601426656,30/09/2020 00:44,13,160,3,2,12,13,3,4,1,3
1601426716,30/09/2020 00:45,10,162,3,2,10,13,3,4,1,3
1601426776,30/09/2020 00:46,9,159,3,2,9,13,3,4,1,3
1601426836,30/09/2020 00:47,12,156,3,2,11,12,3,4,1,3
1601426896,30/09/2020 00:48,10,161,3,2,10,13,3,4,1,3
1601426956,30/09/2020 00:49,10,159,3,2,10,13,3,4,1,3
1601427016,30/09/2020 00:50,11,162,19.5490303,2,11,13,20,4,1,3
1601427076,30/09/2020 00:51,12,157,3,2,11,13,3,4,1,3
1601427136,30/09/2020 00:52,12,157,3,2,11,13,3,4,1,3
1601427196,30/09/2020 00:53,15,161,3,2,14,13,3,4,1,3
1601427256,30/09/2020 00:54,11,159,3,2,11,13,3,4,1,3
1601427316,30/09/2020 00:55,11,158,3,2,11,13,3,4,1,3
1601427376,30/09/2020 00:56,13,162,3,2,12,13,3,4,1,3
1601427497,30/09/2020 00:58,11,162,3,2,11,13,3,4,1,3
1601427556,30/09/2020 00:59,13,160,3,2,12,13,3,4,1,3
1601427616,30/09/2020 01:00,10,160,3,2,10,13,3,4,1,3
1601427676,30/09/2020 01:01,12,162,3,2,11,13,3,4,1,3
1601427736,30/09/2020 01:02,10,160,3,2,10,13,3,4,1,3
1601427796,30/09/2020 01:03,12,160,3,2,11,13,3,4,1,3
1601427856,30/09/2020 01:04,12,162,5.505532265,2,11,13,6,4,1,3
1601427916,30/09/2020 01:05,12,161,3,2,11,13,3,4,1,3
1601427976,30/09/2020 01:06,12,161,3,2,11,13,3,4,1,3
1601428036,30/09/2020 01:07,13,162,3,2,12,13,3,4,1,3
1601428096,30/09/2020 01:08,11,161,3.983689785,2,11,13,4,4,1,3
1601428156,30/09/2020 01:09,11,160,3,2,11,13,3,4,1,3
1601428216,30/09/2020 01:10,12,161,3,2,11,13,3,4,1,3
1601428276,30/09/2020 01:11,11,163,3,2,11,13,3,4,1,3
1601428336,30/09/2020 01:12,13,158,3,2,12,13,3,4,1,3
1601428453,30/09/2020 01:14,13,159,4.224425793,2,12,13,4,4,1,3
1601428513,30/09/2020 01:15,13,162,3,2,12,13,3,4,1,3
1601428573,30/09/2020 01:16,15,159,3,2,14,13,3,4,1,3
1601428696,30/09/2020 01:18,13,162,3,2,12,13,3,4,1,3
1601428756,30/09/2020 01:19,12,158,3,2,11,13,3,4,1,3
1601428816,30/09/2020 01:20,11,157,3,2,11,13,3,4,1,3
1601428876,30/09/2020 01:21,12,156,3,2,11,12,3,4,1,3
1601428936,30/09/2020 01:22,15,159,3.598462582,2,14,13,4,4,1,3
1601428996,30/09/2020 01:23,13,158,3,2,12,13,3,4,1,3
1601429176,30/09/2020 01:26,15,157,3,2,14,13,3,4,1,3
1601429236,30/09/2020 01:27,14,162,3,2,13,13,3,4,1,3
1601429296,30/09/2020 01:28,13,160,3,2,12,13,3,4,1,3
1601429416,30/09/2020 01:30,13,164,13.40948486,2.639153004,12,13,13,5,2,4
1601429476,30/09/2020 01:31,13,160,3,2,12,13,3,4,1,3
1601429596,30/09/2020 01:33,15,157,9.843372345,2,14,13,10,4,1,3
1601429656,30/09/2020 01:34,15,158,3,2,14,13,3,4,1,3
1601429716,30/09/2020 01:35,13,158,3,2,12,13,3,4,1,3
1601429776,30/09/2020 01:36,15,162,3,2,14,13,3,4,1,3
1601429836,30/09/2020 01:37,12,161,3,2,11,13,3,4,1,3
1601429896,30/09/2020 01:38,13,161,3,2,12,13,3,4,1,3
1601429956,30/09/2020 01:39,14,159,4.65566349,2,13,13,5,4,1,3
1601430016,30/09/2020 01:40,16,159,3,2,15,13,3,4,1,3
1601430076,30/09/2020 01:41,15,158,3,2,14,13,3,4,1,3
1601430136,30/09/2020 01:42,15,159,3,2,14,13,3,4,1,3
1601430196,30/09/2020 01:43,15,159,3,2,14,13,3,4,1,3
1601430256,30/09/2020 01:44,14,160,3,2,13,13,3,4,1,3
1601430316,30/09/2020 01:45,15,156,3.492358208,2.492358208,14,12,3,5,1,3
1601430376,30/09/2020 01:46,15,156,3,2,14,12,3,4,1,3
1601430436,30/09/2020 01:47,15,160,3,2,14,13,3,4,1,3
1601430556,30/09/2020 01:49,15,156,3,2,14,12,3,4,1,3
1601430676,30/09/2020 01:51,15,160,3,2,14,13,3,4,1,3
1601430736,30/09/2020 01:52,16,159,3,2,15,13,3,4,1,3
1601430796,30/09/2020 01:53,17,161,3,2,16,13,3,4,1,3
1601430856,30/09/2020 01:54,15,159,4.431488037,2,14,13,4,4,1,3
1601430916,30/09/2020 01:55,15,158,3,2,14,13,3,4,1,3
1601430976,30/09/2020 01:56,15,157,3,2,14,13,3,4,1,3
1601431036,30/09/2020 01:57,16,153,3,2,15,12,3,4,1,3
1601431096,30/09/2020 01:58,15,159,3,2,14,13,3,4,1,3
1601431156,30/09/2020 01:59,16,157,3,2,15,13,3,4,1,3
1601431216,30/09/2020 02:00,15,157,5.902246475,2,14,13,6,4,1,3
1601431276,30/09/2020 02:01,15,159,3,2,14,13,3,4,1,3
1601431336,30/09/2020 02:02,17,160,3,2,16,13,3,4,1,3
1601431396,30/09/2020 02:03,17,157,3,2,16,13,3,4,1,3
1601431456,30/09/2020 02:04,16,159,4.829391479,2,15,13,5,4,1,3
1601431516,30/09/2020 02:05,16,158,3,2,15,13,3,4,1,3
1601431576,30/09/2020 02:06,17,157,6.201657772,2,16,13,6,4,1,3
1601431636,30/09/2020 02:07,17,155,4.927499771,2,16,12,5,4,1,3
1601431696,30/09/2020 02:08,17,159,3,2,16,13,3,4,1,3
1601431756,30/09/2020 02:09,17,157,3,2,16,13,3,4,1,3
1601431816,30/09/2020 02:10,16,155,3,2,15,12,3,4,1,3
1601431876,30/09/2020 02:11,18,157,3,2,17,13,3,4,1,3
1601431936,30/09/2020 02:12,18,161,3,2,17,13,3,4,1,3
1601431996,30/09/2020 02:13,17,156,7.16124773,2,16,12,7,4,1,3
1601432056,30/09/2020 02:14,17,157,3,2,16,13,3,4,1,3
1601432176,30/09/2020 02:16,17,154,3,2,16,12,3,4,1,3
1601432236,30/09/2020 02:17,17,158,3,2,16,13,3,4,1,3
1601432296,30/09/2020 02:18,18,158,3.271772146,2,17,13,3,4,1,3
1601432416,30/09/2020 02:20,15,160,3,2,14,13,3,4,1,3
1601432476,30/09/2020 02:21,17,156,3,2,16,12,3,4,1,3
1601432536,30/09/2020 02:22,18,162,3,2,17,13,3,4,1,3
1601432596,30/09/2020 02:23,18,154,3,2,17,12,3,4,1,3
1601432656,30/09/2020 02:24,17,156,3,2,16,12,3,4,1,3
1601432716,30/09/2020 02:25,17,156,3,2,16,12,3,4,1,3
1601432836,30/09/2020 02:27,17,158,3,2,16,13,3,4,1,3
1601432896,30/09/2020 02:28,18,156,7.805016041,2.117304802,17,12,8,4,1,3
1601432956,30/09/2020 02:29,16,158,3,2,15,13,3,4,1,3
1601433016,30/09/2020 02:30,18,156,3,2,17,12,3,4,1,3
1601433076,30/09/2020 02:31,17,157,3,2,16,13,3,4,1,3
1601433136,30/09/2020 02:32,18,153,3,2,17,12,3,4,1,3
1601433196,30/09/2020 02:33,17,158,3,2,16,13,3,4,1,3
1601433256,30/09/2020 02:34,19,155,3,2,18,12,3,4,1,3
1601433316,30/09/2020 02:35,18,158,3,2,17,13,3,4,1,3
1601433376,30/09/2020 02:36,16,159,3,2,15,13,3,4,1,3
1601433436,30/09/2020 02:37,17,156,7.690083981,2,16,12,8,4,1,3
1601433496,30/09/2020 02:38,18,158,3,2,17,13,3,4,1,3
1601433556,30/09/2020 02:39,18,160,3,2,17,13,3,4,1,3
1601433616,30/09/2020 02:40,17,158,3,2,16,13,3,4,1,3
1601433676,30/09/2020 02:41,16,160,3,2,15,13,3,4,1,3
1601433736,30/09/2020 02:42,17,161,3,2,16,13,3,4,1,3
1601433796,30/09/2020 02:43,16,158,3,2,15,13,3,4,1,3
1601433856,30/09/2020 02:44,17,162,3,2,16,13,3,4,1,3
1601433916,30/09/2020 02:45,18,158,3,2,17,13,3,4,1,3
1601433976,30/09/2020 02:46,19,159,3,2,18,13,3,4,1,3
1601434036,30/09/2020 02:47,16,162,3,2,15,13,3,4,1,3
1601434096,30/09/2020 02:48,18,160,3,2,17,13,3,4,1,3
1601434156,30/09/2020 02:49,16,160,3,2,15,13,3,4,1,3
1601434216,30/09/2020 02:50,17,158,3,2,16,13,3,4,1,3
1601434276,30/09/2020 02:51,18,158,10.90570927,2,17,13,11,4,1,3
1601434336,30/09/2020 02:52,17,159,3,2,16,13,3,4,1,3
1601434396,30/09/2020 02:53,17,160,3,2,16,13,3,4,1,3
1601434456,30/09/2020 02:54,18,158,14.64900112,2,17,13,15,4,1,3
1601434516,30/09/2020 02:55,16,160,3,2,15,13,3,4,1,3
1601434576,30/09/2020 02:56,17,159,3,2,16,13,3,4,1,3
1601434636,30/09/2020 02:57,17,161,3,2,16,13,3,4,1,3
1601434696,30/09/2020 02:58,20,160,3,2,19,13,3,4,1,3
1601434816,30/09/2020 03:00,17,161,3,2,16,13,3,4,1,3
1601434876,30/09/2020 03:01,16,156,3,2,15,12,3,4,1,3
1601434936,30/09/2020 03:02,19,157,3,2,18,13,3,4,1,3
1601434996,30/09/2020 03:03,16,159,3,2,15,13,3,4,1,3
1601435056,30/09/2020 03:04,17,161,3,2,16,13,3,4,1,3
1601435116,30/09/2020 03:05,19,161,3,2,18,13,3,4,1,3
1601435176,30/09/2020 03:06,18,163,3,2,17,13,3,4,1,3
1601435296,30/09/2020 03:08,17,162,3,2,16,13,3,4,1,3
1601435356,30/09/2020 03:09,18,165,6.826242447,2,17,13,7,4,1,3
1601435416,30/09/2020 03:10,16,161,3,2,15,13,3,4,1,3
1601435476,30/09/2020 03:11,18,162,3,2,17,13,3,4,1,3
1601435536,30/09/2020 03:12,17,161,3,2,16,13,3,4,1,3
1601435596,30/09/2020 03:13,17,163,3,2,16,13,3,4,1,3
1601435717,30/09/2020 03:15,19,163,3,2,18,13,3,4,1,3
1601435777,30/09/2020 03:16,19,159,3,2,18,13,3,4,1,3
1601435837,30/09/2020 03:17,17,157,3,2,16,13,3,4,1,3
1601435897,30/09/2020 03:18,19,159,17.65045929,2.643097878,18,13,18,5,1,3
1601435957,30/09/2020 03:19,20,159,3,2,19,13,3,4,1,3
1601436016,30/09/2020 03:20,18,159,3,2,17,13,3,4,1,3
1601436076,30/09/2020 03:21,16,163,3,2,15,13,3,4,1,3
1601436136,30/09/2020 03:22,20,163,3,2,19,13,3,4,1,3
1601436196,30/09/2020 03:23,19,165,3,2,18,13,3,4,1,3
1601436256,30/09/2020 03:24,18,158,3.91607666,2,17,13,4,4,1,3
1601436316,30/09/2020 03:25,21,159,11.2635603,2.371188164,19,13,11,5,1,3
1601436376,30/09/2020 03:26,19,159,3,2,18,13,3,4,1,3
1601436436,30/09/2020 03:27,18,161,3,2,17,13,3,4,1,3
1601436496,30/09/2020 03:28,20,160,3,2,19,13,3,4,1,3
1601436556,30/09/2020 03:29,18,156,3,2,17,12,3,4,1,3
1601436616,30/09/2020 03:30,20,158,3,2,19,13,3,4,1,3
1601436737,30/09/2020 03:32,20,160,3,2,19,13,3,4,1,3
1601436796,30/09/2020 03:33,19,159,3,2,18,13,3,4,1,3
1601436856,30/09/2020 03:34,18,159,3,2,17,13,3,4,1,3
1601436976,30/09/2020 03:36,19,159,3,2,18,13,3,4,1,3
1601437036,30/09/2020 03:37,21,161,19.31376457,2,19,13,19,4,1,3
1601437096,30/09/2020 03:38,20,159,3,2,19,13,3,4,1,3
1601437216,30/09/2020 03:40,19,158,3,2,18,13,3,4,1,3
1601437276,30/09/2020 03:41,20,161,3,2,19,13,3,4,1,3
1601437336,30/09/2020 03:42,21,163,3,2,19,13,3,4,1,3
1601437396,30/09/2020 03:43,20,160,3,2,19,13,3,4,1,3
1601437456,30/09/2020 03:44,19,157,6.625896454,2,18,13,7,4,1,3
1601437516,30/09/2020 03:45,20,158,3,2,19,13,3,4,1,3
1601437576,30/09/2020 03:46,22,160,3,2,20,13,3,4,1,3
1601437636,30/09/2020 03:47,20,158,3,2,19,13,3,4,1,3
1601437696,30/09/2020 03:48,20,162,3,2,19,13,3,4,1,3
1601437756,30/09/2020 03:49,20,161,3,2,19,13,3,4,1,3
1601437876,30/09/2020 03:51,19,154,7.833429337,2,18,12,8,4,1,3
1601437936,30/09/2020 03:52,21,157,3,2,19,13,3,4,1,3
1601438056,30/09/2020 03:54,20,157,3,2,19,13,3,4,1,3
1601438116,30/09/2020 03:55,19,162,3,2,18,13,3,4,1,3
1601438236,30/09/2020 03:57,20,160,3,2,19,13,3,4,1,3
1601438296,30/09/2020 03:58,22,161,26.65106583,2,20,13,27,4,1,3
1601438356,30/09/2020 03:59,22,159,3,2,20,13,3,4,1,3
1601438416,30/09/2020 04:00,21,154,3,2,20,12,3,4,1,3
1601438476,30/09/2020 04:01,23,157,3,2,22,13,3,4,1,3
1601438536,30/09/2020 04:02,21,159,26.14032173,3.28902626,19,13,26,7,1,3
1601438656,30/09/2020 04:04,22,163,3,2,20,13,3,4,1,3
1601438716,30/09/2020 04:05,22,157,3,2,20,13,3,4,1,3
1601438776,30/09/2020 04:06,21,163,3,2,19,13,3,4,1,3
1601438836,30/09/2020 04:07,22,159,3,2,20,13,3,4,1,3
1601438896,30/09/2020 04:08,23,155,3,2,22,12,3,4,1,3
1601438956,30/09/2020 04:09,21,160,4.350531101,2,19,13,4,4,1,3
1601439016,30/09/2020 04:10,22,163,3,2,21,13,3,4,1,3
1601439076,30/09/2020 04:11,20,161,3,2,19,13,3,4,1,3
1601439196,30/09/2020 04:13,20,161,3,2,19,13,3,4,1,3
1601439256,30/09/2020 04:14,21,161,13.81775093,2,19,13,14,4,1,3
1601439316,30/09/2020 04:15,22,162,3,2,20,13,3,4,1,3
1601439376,30/09/2020 04:16,19,161,3,2,18,13,3,4,1,3
1601439436,30/09/2020 04:17,21,160,3,2,19,13,3,4,1,3
1601439496,30/09/2020 04:18,21,162,3,2,19,13,3,4,1,3
1601439556,30/09/2020 04:19,21,162,3,2,19,13,3,4,1,3
1601439616,30/09/2020 04:20,18,163,3,2,17,13,3,4,1,3
1601439676,30/09/2020 04:21,20,161,3,2,19,13,3,4,1,3
1601439736,30/09/2020 04:22,21,161,3,2,19,13,3,4,1,3
1601439796,30/09/2020 04:23,19,165,3,2,18,13,3,4,1,3
1601439856,30/09/2020 04:24,21,160,3,2,19,13,3,4,1,3
1601439916,30/09/2020 04:25,19,161,3,2,18,13,3,4,1,3
1601439976,30/09/2020 04:26,20,162,3,2,19,13,3,4,1,3
1601440036,30/09/2020 04:27,19,161,3,2,18,13,3,4,1,3
1601440096,30/09/2020 04:28,21,160,3,2,19,13,3,4,1,3
1601440156,30/09/2020 04:29,20,160,18.03688049,2,19,13,18,4,1,3
1601440216,30/09/2020 04:30,21,158,3,2,19,13,3,4,1,3
1601440276,30/09/2020 04:31,19,163,3,2,18,13,3,4,1,3
1601440336,30/09/2020 04:32,20,162,3,2,19,13,3,4,1,3
1601440396,30/09/2020 04:33,22,163,10.11202335,2,20,13,10,4,1,3
1601440517,30/09/2020 04:35,20,159,3,2,19,13,3,4,1,3
1601440577,30/09/2020 04:36,21,159,3,2,19,13,3,4,1,3
1601440637,30/09/2020 04:37,18,159,3,2,17,13,3,4,1,3
1601440697,30/09/2020 04:38,20,158,3,2,19,13,3,4,1,3
1601440757,30/09/2020 04:39,21,159,18.74497795,2,19,13,19,4,1,3
1601440817,30/09/2020 04:40,21,160,32.72492981,2.516821861,19,13,33,5,1,3
1601440877,30/09/2020 04:41,20,161,3,2,19,13,3,4,1,3
1601440937,30/09/2020 04:42,21,159,3,2,20,13,3,4,1,3
1601440997,30/09/2020 04:43,20,161,3,2,19,13,3,4,1,3
1601441057,30/09/2020 04:44,21,160,17.11106682,2,19,13,17,4,1,3
1601441117,30/09/2020 04:45,22,161,3,2,20,13,3,4,1,3
1601441177,30/09/2020 04:46,20,158,3,2,19,13,3,4,1,3
1601441237,30/09/2020 04:47,21,159,3,2,19,13,3,4,1,3
1601441297,30/09/2020 04:48,21,158,3,2,19,13,3,4,1,3
1601441357,30/09/2020 04:49,22,161,3,2,20,13,3,4,1,3
1601441417,30/09/2020 04:50,23,160,9.87012291,2,22,13,10,4,1,3
1601441477,30/09/2020 04:51,22,162,3,2,20,13,3,4,1,3
1601441537,30/09/2020 04:52,19,162,3,2,18,13,3,4,1,3
1601441597,30/09/2020 04:53,22,162,3,2,20,13,3,4,1,3
1601441656,30/09/2020 04:54,23,156,3,2,22,12,3,4,1,3
1601441716,30/09/2020 04:55,18,159,3,2,17,13,3,4,1,3
1601441776,30/09/2020 04:56,22,155,3,2,21,12,3,4,1,3
1601441836,30/09/2020 04:57,22,160,18.95188522,2.428118706,21,13,19,5,1,3
1601441896,30/09/2020 04:58,19,159,3,2,18,13,3,4,1,3
1601441956,30/09/2020 04:59,20,157,3,2,19,13,3,4,1,3
1601442016,30/09/2020 05:00,21,155,3,2,20,12,3,4,1,3
1601442076,30/09/2020 05:01,21,158,3,2,20,13,3,4,1,3
1601442136,30/09/2020 05:02,19,157,3,2,18,13,3,4,1,3
1601442196,30/09/2020 05:03,21,159,3,2,20,13,3,4,1,3
1601442256,30/09/2020 05:04,21,156,3,2,20,12,3,4,1,3
1601442316,30/09/2020 05:05,21,158,3,2,20,13,3,4,1,3
1601442376,30/09/2020 05:06,22,158,3,2,21,13,3,4,1,3
1601442436,30/09/2020 05:07,21,157,3,2,20,13,3,4,1,3
1601442496,30/09/2020 05:08,21,158,3,2,20,13,3,4,1,3
1601442556,30/09/2020 05:09,23,157,3,2,22,13,3,4,1,3
1601442616,30/09/2020 05:10,22,155,3,2,21,12,3,4,1,3
1601442676,30/09/2020 05:11,23,156,3,2,22,12,3,4,1,3
1601442737,30/09/2020 05:12,19,160,3.003786564,2.003786564,18,13,3,4,1,3
1601442797,30/09/2020 05:13,21,159,3.727129698,2,20,13,4,4,1,3
1601442857,30/09/2020 05:14,21,155,3,2,20,12,3,4,1,3
1601442916,30/09/2020 05:15,20,157,3,2,19,13,3,4,1,3
1601442976,30/09/2020 05:16,21,157,3,2,20,13,3,4,1,3
1601443036,30/09/2020 05:17,21,159,3,2,20,13,3,4,1,3
1601443096,30/09/2020 05:18,21,159,3,2,20,13,3,4,1,3
1601443156,30/09/2020 05:19,21,156,3,2,19,12,3,4,1,3
1601443216,30/09/2020 05:20,22,157,3,2,20,13,3,4,1,3
1601443276,30/09/2020 05:21,23,157,3,2,22,13,3,4,1,3
1601443336,30/09/2020 05:22,23,157,3,2,22,13,3,4,1,3
1601443396,30/09/2020 05:23,21,157,3,2,20,13,3,4,1,3
1601443517,30/09/2020 05:25,23,156,3,2,22,12,3,4,1,3
1601443577,30/09/2020 05:26,23,156,3,2,22,12,3,4,1,3
1601443637,30/09/2020 05:27,23,159,3,2,22,13,3,4,1,3
1601443697,30/09/2020 05:28,22,155,3,2,20,12,3,4,1,3
1601443757,30/09/2020 05:29,23,160,3,2,22,13,3,4,1,3
1601443817,30/09/2020 05:30,23,157,3,2,23,13,3,4,1,3
1601443877,30/09/2020 05:31,23,159,3,2,22,13,3,4,1,3
1601443937,30/09/2020 05:32,20,156,3,2,19,12,3,4,1,3
1601443997,30/09/2020 05:33,24,160,11.364995,2,24,13,11,4,1,3
1601444057,30/09/2020 05:34,23,155,3,2,23,12,3,4,1,3
1601444117,30/09/2020 05:35,21,159,3,2,20,13,3,4,1,3
1601444177,30/09/2020 05:36,23,156,3,2,22,12,3,4,1,3
1601444237,30/09/2020 05:37,23,160,3,2,22,13,3,4,1,3
1601444297,30/09/2020 05:38,21,161,3,2,20,13,3,4,1,3
1601444357,30/09/2020 05:39,21,159,3,2,20,13,3,4,1,3
1601444417,30/09/2020 05:40,20,161,3,2,19,13,3,4,1,3
1601444476,30/09/2020 05:41,22,157,3,2,21,13,3,4,1,3
1601444536,30/09/2020 05:42,23,161,3,2,22,13,3,4,1,3
1601444596,30/09/2020 05:43,20,157,30.7323761,2.625828743,19,13,31,5,1,3
1601444656,30/09/2020 05:44,22,163,14.69416904,2,21,13,15,4,1,3
1601444716,30/09/2020 05:45,21,160,3,2,20,13,3,4,1,3
1601444776,30/09/2020 05:46,23,160,3,2,22,13,3,4,1,3
1601444836,30/09/2020 05:47,23,162,3,2,23,13,3,4,1,3
1601444896,30/09/2020 05:48,22,161,3,2,21,13,3,4,1,3
1601444956,30/09/2020 05:49,22,158,3,2,21,13,3,4,1,3
1601445016,30/09/2020 05:50,23,159,14.53409767,2.610131264,22,13,15,5,1,3
1601445076,30/09/2020 05:51,23,156,3,2,22,12,3,4,1,3
1601445136,30/09/2020 05:52,21,158,3,2,20,13,3,4,1,3
1601445196,30/09/2020 05:53,21,159,3,2,20,13,3,4,1,3
1601445256,30/09/2020 05:54,22,158,3,2,20,13,3,4,1,3
1601445316,30/09/2020 05:55,21,160,19.81984711,2,20,13,20,4,1,3
1601445436,30/09/2020 05:57,22,158,3,2,20,13,3,4,1,3
1601445496,30/09/2020 05:58,23,156,3,2,22,12,3,4,1,3
1601445556,30/09/2020 05:59,22,160,3,2,21,13,3,4,1,3
1601445616,30/09/2020 06:00,21,157,3,2,20,13,3,4,1,3
1601445797,30/09/2020 06:03,21,160,3,2,19,13,3,4,1,3
1601445857,30/09/2020 06:04,19,160,3,2,18,13,3,4,1,3
1601445917,30/09/2020 06:05,19,161,3,2,18,13,3,4,1,3
1601445977,30/09/2020 06:06,21,161,3,2,19,13,3,4,1,3
1601446037,30/09/2020 06:07,20,165,3,2,19,13,3,4,1,3
1601446097,30/09/2020 06:08,23,163,3,2,22,13,3,4,1,3
1601446157,30/09/2020 06:09,21,163,3,2,19,13,3,4,1,3
1601446217,30/09/2020 06:10,20,168,3,2,19,13,3,4,1,3
1601446277,30/09/2020 06:11,21,171,12.83938789,2.750195503,20,14,13,6,1,3
1601446396,30/09/2020 06:13,21,166,38.33731079,3.670223236,19,13,38,7,1,3
1601446456,30/09/2020 06:14,19,173,48.15359116,5.281758308,18,14,48,11,1,3
1601446577,30/09/2020 06:16,20,175,3,2,19,14,3,4,1,3
1601446637,30/09/2020 06:17,21,174,3,2,20,14,3,4,1,3
1601446697,30/09/2020 06:18,21,174,43.20946503,3.602186203,20,14,43,7,1,3
1601446757,30/09/2020 06:19,21,174,3,2,20,14,3,4,1,3
1601446817,30/09/2020 06:20,20,173,3,2,19,14,3,4,1,3
1601446877,30/09/2020 06:21,18,203,8.593221664,2,17,16,9,4,1,3
1601446937,30/09/2020 06:22,18,274,41.3514061,3.324054718,17,22,41,7,1,3
1601446997,30/09/2020 06:23,19,273,24.70022964,2.462660789,18,22,25,5,1,3
1601447057,30/09/2020 06:24,18,278,81.30447388,7.575835228,17,22,101,15,1,3
1601447117,30/09/2020 06:25,19,292,48.69799805,3.766723633,18,23,49,8,1,3
1601447177,30/09/2020 06:26,19,284,44.34922409,3.750565529,18,22,44,8,1,3
1601447237,30/09/2020 06:27,19,273,8.007264137,2,18,22,8,4,1,3
1601447416,30/09/2020 06:30,21,280,3,2,19,22,3,4,1,3
1601447536,30/09/2020 06:32,17,394,3,2,16,31,3,4,1,3
1601447596,30/09/2020 06:33,17,402,3,2,16,31,3,4,1,3
1601447717,30/09/2020 06:35,17,374,3,2,16,29,3,4,1,3
1601447777,30/09/2020 06:36,17,353,5.690476418,2,16,28,6,4,1,3
1601447837,30/09/2020 06:37,18,337,3,2,17,26,3,4,1,3
1601447957,30/09/2020 06:39,20,322,19.13975525,2.327849388,19,25,19,5,1,3
1601448017,30/09/2020 06:40,21,301,32.16603088,2.954837799,20,24,32,6,1,3
1601448077,30/09/2020 06:41,19,303,3,2,18,24,3,4,1,3
1601448137,30/09/2020 06:42,18,296,3,2,17,23,3,4,1,3
1601448197,30/09/2020 06:43,20,285,3,2,19,23,3,4,1,3
1601448257,30/09/2020 06:44,22,283,3,2,21,22,3,4,1,3
1601448317,30/09/2020 06:45,20,289,3,2,19,23,3,4,1,3
1601448377,30/09/2020 06:46,21,289,3,2,20,23,3,4,1,3
1601448437,30/09/2020 06:47,20,291,3,2,19,23,3,4,1,3
1601448496,30/09/2020 06:48,19,276,3,2,18,22,3,4,1,3
1601448617,30/09/2020 06:50,21,270,15.18030548,2,20,21,15,4,1,3
1601448677,30/09/2020 06:51,22,278,3.345937252,2,21,22,3,4,1,3
1601448737,30/09/2020 06:52,20,268,7.262962818,2,18,21,7,4,1,3
1601448796,30/09/2020 06:53,21,270,3,2,20,21,3,4,1,3
1601448856,30/09/2020 06:54,20,270,34.26509094,3.104880333,19,21,34,6,1,3
1601448916,30/09/2020 06:55,20,269,3,2,19,21,3,4,1,3
1601448976,30/09/2020 06:56,22,269,3,2,21,21,3,4,1,3
1601449036,30/09/2020 06:57,21,268,23.12458038,2,19,21,23,4,1,3
1601449096,30/09/2020 06:58,17,266,3,2,16,21,3,4,1,3
1601449156,30/09/2020 06:59,21,267,17.54579163,2,20,21,18,4,1,3
1601449216,30/09/2020 07:00,21,258,3,2,20,21,3,4,1,3
1601449276,30/09/2020 07:01,19,262,37.45336151,2.352968216,18,21,37,5,1,3
1601449336,30/09/2020 07:02,21,252,64.74184418,4.78241539,20,20,75,10,1,3
1601449396,30/09/2020 07:03,21,238,10.24712372,2,20,19,10,4,1,3
1601449456,30/09/2020 07:04,22,230,13.92349434,2,22,18,14,4,1,3
1601449516,30/09/2020 07:05,23,232,7.019847393,2,23,19,7,4,1,3
1601449576,30/09/2020 07:06,25,214,3,2,26,17,3,4,1,3
1601449636,30/09/2020 07:07,26,207,3,2,27,17,3,4,1,3
1601450356,30/09/2020 07:19,33,103,7.24217701,4.643451214,37,8,7,9,2,4
1601450416,30/09/2020 07:20,35,92,3,2,40,7,3,4,1,3
1601450476,30/09/2020 07:21,35,85,7.60189724,4.493242264,39,7,8,9,2,5
1601450536,30/09/2020 07:22,34,81,3.377597332,2.377597332,38,6,3,5,1,3
1601450596,30/09/2020 07:23,33,79,3,2,36,6,3,4,1,3
1601450656,30/09/2020 07:24,32,75,3.509259701,2.509259701,35,6,4,5,1,3
1601450716,30/09/2020 07:25,31,72,5.512065887,2,34,6,6,4,1,3
1601450835,30/09/2020 07:27,29,69,3,2,31,6,3,4,1,3
1601450895,30/09/2020 07:28,29,66,12.29966164,4.821028709,32,5,12,10,2,6
1601450955,30/09/2020 07:29,29,63,14.85402584,5.962333679,30,5,15,12,2,6
1601451015,30/09/2020 07:30,29,63,22.73137283,7.493224621,31,5,23,15,3,7
1601451075,30/09/2020 07:31,27,61,3.351952553,2.351952553,28,5,3,5,1,3
1601451135,30/09/2020 07:32,28,58,4.207758904,3.207758904,29,5,4,6,1,3
1601451195,30/09/2020 07:33,25,58,3.375912666,2.375912666,26,5,3,5,1,3
1601451255,30/09/2020 07:34,27,57,12.49816513,3.886264324,29,5,12,8,2,4
1601451315,30/09/2020 07:35,26,55,3,2,27,4,3,4,1,3
1601451375,30/09/2020 07:36,25,54,16.31804085,7.016989231,26,4,16,14,3,7
1601451435,30/09/2020 07:37,26,53,3,2,27,4,3,4,1,3
1601451495,30/09/2020 07:38,25,53,12.03829575,3.740245819,25,4,12,7,1,4
1601451555,30/09/2020 07:39,25,52,9.45502758,5.228048325,26,4,9,10,2,5
1601451615,30/09/2020 07:40,25,51,6.427490234,3.858070135,25,4,6,8,2,4
1601451675,30/09/2020 07:41,25,51,12.38446045,3.713356256,25,4,12,7,1,4
1601451735,30/09/2020 07:42,25,52,16.56247711,5.149578094,25,4,17,10,2,5
1601451795,30/09/2020 07:43,25,52,15.33296776,6.170490265,25,4,15,12,3,7
1601451855,30/09/2020 07:44,24,51,3.508904934,2.508904934,24,4,4,5,1,3
1601451915,30/09/2020 07:45,24,53,5.747703552,4.400809288,23,4,6,9,2,5
1601451975,30/09/2020 07:46,25,52,18.19568062,3.979480267,25,4,18,8,1,3
1601452035,30/09/2020 07:47,24,52,9.268959045,3.559601784,24,4,9,7,2,4
1601452096,30/09/2020 07:48,24,52,8.034317017,3.434026241,23,4,8,7,1,4
1601452156,30/09/2020 07:49,23,54,3,2,22,4,3,4,1,3
1601452216,30/09/2020 07:50,25,53,9.341752052,2,25,4,9,4,1,3
1601452276,30/09/2020 07:51,23,53,3.374053478,2.374053478,22,4,3,5,1,3
1601452336,30/09/2020 07:52,23,54,3,2,22,4,3,4,1,3
1601452396,30/09/2020 07:53,24,53,29.65678406,6.549722195,24,4,30,13,2,6
1601452456,30/09/2020 07:54,21,55,9.52077961,3.921905756,20,4,10,8,2,4
1601452516,30/09/2020 07:55,21,55,3,2,20,4,3,4,1,3
1601452576,30/09/2020 07:56,21,57,16.32875824,2.999676704,20,5,16,6,1,3
1601452636,30/09/2020 07:57,19,68,3,2,18,5,3,4,1,3
1601452696,30/09/2020 07:58,21,72,3,2,19,6,3,4,1,3
1601452756,30/09/2020 07:59,20,75,9.788958549,2,18,6,10,4,1,3
1601452816,30/09/2020 08:00,19,76,5.251338959,2,18,6,5,4,1,3
1601452876,30/09/2020 08:01,18,76,3,2,17,6,3,4,1,3
1601452936,30/09/2020 08:02,17,76,3,2,16,6,3,4,1,3
1601452996,30/09/2020 08:03,19,74,3,2,18,6,3,4,1,3
1601453056,30/09/2020 08:04,18,72,11.20917892,3.185123444,17,6,11,6,1,4
1601453116,30/09/2020 08:05,18,72,3.155667305,2.155667305,17,6,3,4,1,3
1601453176,30/09/2020 08:06,18,70,26.07609558,2.843493462,17,6,26,6,1,3
1601453236,30/09/2020 08:07,19,70,4.179906845,2,18,6,4,4,1,3
1601453296,30/09/2020 08:08,22,78,88.32896423,5.498608589,21,6,105,11,1,3
1601453356,30/09/2020 08:09,16,100,22.76143837,2.098905563,15,8,23,4,1,3
1601453416,30/09/2020 08:10,13,112,14.23307037,2,12,9,14,4,1,3
1601453476,30/09/2020 08:11,13,101,3.600609064,2,13,8,4,4,1,3
1601453536,30/09/2020 08:12,16,119,52.2003746,3.547650337,15,10,54,7,1,3
1601453597,30/09/2020 08:13,14,124,3,2,13,10,3,4,1,3
1601453657,30/09/2020 08:14,14,123,19.97669983,2,13,10,20,4,1,3
1601453717,30/09/2020 08:15,16,128,16.02172661,2,15,10,16,4,1,3
1601453777,30/09/2020 08:16,13,128,66.69788361,5.466428757,12,10,78,11,1,3
1601453837,30/09/2020 08:17,14,130,19.16035461,2,13,10,19,4,1,3
1601453957,30/09/2020 08:19,17,129,3,2,16,10,3,4,1,3
1601454017,30/09/2020 08:20,18,130,10.6333952,2,17,10,11,4,1,3
1601454077,30/09/2020 08:21,19,126,36.38335037,3.300980568,18,10,36,7,1,3
1601454137,30/09/2020 08:22,20,120,43.48923874,3.712596893,19,10,43,7,1,3
1601454257,30/09/2020 08:24,23,119,33.687603,3.276461601,23,10,34,7,1,3
1601454317,30/09/2020 08:25,2,143,20.39718819,2,2,11,20,4,1,3
1601454377,30/09/2020 08:26,10,1490,20.42753792,2,9,79,20,4,1,3
1601454437,30/09/2020 08:27,11,624,59.85259628,4.407834053,11,47,66,9,1,3
1601454497,30/09/2020 08:28,15,463,74.54325867,5.454418182,14,36,91,11,1,3
1601454557,30/09/2020 08:29,16,380,51.27651215,3.49372673,15,30,52,7,1,3
1601454617,30/09/2020 08:30,19,338,33.02505493,3.08339119,18,26,33,6,1,3
1601454677,30/09/2020 08:31,18,312,59.16485977,4.762539864,17,25,65,10,1,3
1601454737,30/09/2020 08:32,20,305,59.1481781,4.545639515,19,24,65,9,2,4
1601454797,30/09/2020 08:33,20,283,33.22657394,2.286513329,19,22,33,5,1,3
1601454857,30/09/2020 08:34,21,264,3,2,20,21,3,4,1,3
1601454977,30/09/2020 08:36,22,246,19.90583992,2,21,20,20,4,1,3
1601455097,30/09/2020 08:38,23,229,37.23377991,2.569566727,23,18,37,5,1,3
1601455157,30/09/2020 08:39,25,220,3,2,25,18,3,4,1,3
1601455217,30/09/2020 08:40,26,210,15.64114475,2,27,17,16,4,1,3
1601455277,30/09/2020 08:41,26,204,3,2,27,16,3,4,1,3
1601455337,30/09/2020 08:42,26,191,62.37327576,4.499850273,26,15,71,9,1,3
1601455397,30/09/2020 08:43,29,184,22.34103394,2,31,15,22,4,1,3
1601455457,30/09/2020 08:44,29,173,18.59156799,3.054940224,31,14,19,6,1,3
1601455517,30/09/2020 08:45,30,173,5.864890099,2,32,14,6,4,1,3
1601455577,30/09/2020 08:46,31,165,26.17405319,2.573497772,33,13,26,5,1,3
1601455637,30/09/2020 08:47,32,164,16.64700317,2,35,13,17,4,1,3
1601455754,30/09/2020 08:49,31,157,33.03564453,4.162723541,34,13,33,8,1,3
1601455814,30/09/2020 08:50,31,153,4.26879406,2,34,12,4,4,1,3
1601455874,30/09/2020 08:51,33,155,8.730662346,2,37,12,9,4,1,3
1601455934,30/09/2020 08:52,34,152,3,2,38,12,3,4,1,3
1601455994,30/09/2020 08:53,34,149,27.00582504,2.81508255,38,12,27,6,1,3
1601456054,30/09/2020 08:54,34,149,12.49337101,2.112137794,38,12,12,4,1,3
1601456114,30/09/2020 08:55,34,147,17.52449036,2.693014145,38,12,18,5,1,3
1601456174,30/09/2020 08:56,33,141,3,2,36,11,3,4,1,3
1601456234,30/09/2020 08:57,36,139,14.81454659,2,40,11,15,4,1,3
1601456294,30/09/2020 08:58,36,139,4.059151649,2,41,11,4,4,1,3
1601456354,30/09/2020 08:59,37,140,10.74479675,2,42,11,11,4,1,3
1601456414,30/09/2020 09:00,37,136,23.42424202,4.032166004,42,11,23,8,1,3
1601456474,30/09/2020 09:01,37,133,58.92650604,5.716672897,42,11,65,11,1,3
1601456534,30/09/2020 09:02,39,131,8.876311302,2,45,10,9,4,1,3
1601456594,30/09/2020 09:03,37,130,11.88112926,4.103575706,42,10,12,8,2,5
1601456654,30/09/2020 09:04,38,130,32.6131134,3.349225044,43,10,33,7,1,3
1601456714,30/09/2020 09:05,37,131,29.23903656,3.418320656,42,10,29,7,1,3
1601456774,30/09/2020 09:06,38,130,5.211421013,2,44,10,5,4,1,3
1601456834,30/09/2020 09:07,38,131,3,2,43,10,3,4,1,3
1601456894,30/09/2020 09:08,40,134,19.495327,2.416947365,47,11,19,5,1,3
1601456954,30/09/2020 09:09,39,130,13.16734982,2.637553215,45,10,13,5,1,3
1601457014,30/09/2020 09:10,38,131,24.74249458,2.862270355,44,10,25,6,1,3
1601457074,30/09/2020 09:11,38,135,36.2556839,4.243620872,44,11,36,8,1,3
1601457134,30/09/2020 09:12,37,133,7.292885303,2,43,11,7,4,1,3
1601457194,30/09/2020 09:13,38,137,39.72169876,3.130660057,44,11,40,6,1,3
1601457254,30/09/2020 09:14,37,136,8.541715622,2.305335045,42,11,9,5,1,3
1601457314,30/09/2020 09:15,39,138,3,2,45,11,3,4,1,3
1601457374,30/09/2020 09:16,38,136,51.81549835,4.551450729,44,11,53,9,1,3
1601457434,30/09/2020 09:17,36,135,3,2,41,11,3,4,1,3
1601457494,30/09/2020 09:18,38,131,9.913866043,2.052838326,44,10,10,4,1,3
1601457554,30/09/2020 09:19,36,141,3,2,41,11,3,4,1,3
1601457614,30/09/2020 09:20,36,142,14.55952835,2,41,11,15,4,1,3
1601457674,30/09/2020 09:21,36,143,49.68165588,6.143907547,41,11,50,12,1,3
1601457734,30/09/2020 09:22,34,147,3,2,38,12,3,4,1,3
1601457794,30/09/2020 09:23,34,147,7.577052116,2,38,12,8,4,1,3
1601457854,30/09/2020 09:24,32,149,3,2,36,12,3,4,1,3
1601457914,30/09/2020 09:25,34,149,22.70038033,3.038646698,38,12,23,6,1,3
1601457974,30/09/2020 09:26,34,153,3,2,37,12,3,4,1,3
1601458034,30/09/2020 09:27,33,150,3,2,37,12,3,4,1,3
1601458094,30/09/2020 09:28,33,149,3,2,37,12,3,4,1,3
1601458154,30/09/2020 09:29,34,148,29.14330673,3.595327377,38,12,29,7,1,3
1601458214,30/09/2020 09:30,33,147,10.60480022,2,37,12,11,4,1,3
1601458274,30/09/2020 09:31,34,150,5.908798695,2,38,12,6,4,1,3
1601458334,30/09/2020 09:32,33,151,3,2,37,12,3,4,1,3
1601458394,30/09/2020 09:33,34,147,11.0418272,2.550234795,38,12,11,5,1,3
1601458454,30/09/2020 09:34,35,148,3,2,40,12,3,4,1,3
1601458514,30/09/2020 09:35,34,150,5.530023575,2,38,12,6,4,1,3
1601458574,30/09/2020 09:36,34,146,6.816656113,2,38,12,7,4,1,3
1601458634,30/09/2020 09:37,34,148,3,2,38,12,3,4,1,3
1601458694,30/09/2020 09:38,34,147,3,2,38,12,3,4,1,3
1601458754,30/09/2020 09:39,32,147,3,2,36,12,3,4,1,3
1601458814,30/09/2020 09:40,33,149,4.470701218,2,37,12,4,4,1,3
1601458874,30/09/2020 09:41,34,155,16.22995949,2.772965431,38,12,16,6,1,3
1601458934,30/09/2020 09:42,32,159,3,2,36,13,3,4,1,3
1601458994,30/09/2020 09:43,34,173,13.56760502,2,38,14,14,4,1,3
1601459054,30/09/2020 09:44,34,192,15.77701283,2,38,15,16,4,1,3
1601459114,30/09/2020 09:45,32,201,14.42731857,2.202997208,36,16,14,4,1,3
1601459174,30/09/2020 09:46,30,207,19.63769722,2,33,17,20,4,1,3
1601459234,30/09/2020 09:47,31,217,20.33447266,2.617806435,34,17,20,5,1,3
1601459294,30/09/2020 09:48,31,228,14.09537125,2,34,18,14,4,1,3
1601459354,30/09/2020 09:49,33,233,3,2,36,19,3,4,1,3
1601459414,30/09/2020 09:50,29,253,7.706147194,2,31,20,8,4,1,3
1601459474,30/09/2020 09:51,28,257,66.74454498,5.624081612,30,21,78,11,1,3
1601459534,30/09/2020 09:52,31,260,3,2,33,21,3,4,1,3
1601459594,30/09/2020 09:53,31,262,37.69476318,3.05755043,33,21,38,6,1,3
1601459654,30/09/2020 09:54,29,262,3,2,31,21,3,4,1,3
1601459714,30/09/2020 09:55,31,274,41.29127502,3.883719444,33,22,41,8,1,3
1601459774,30/09/2020 09:56,29,295,3.872885704,2,31,23,4,4,1,3
1601459834,30/09/2020 09:57,30,289,9.72664547,2,32,23,10,4,1,3
1601459894,30/09/2020 09:58,31,297,15.90171528,2.054250717,33,23,16,4,1,3
1601459954,30/09/2020 09:59,31,301,48.08982468,4.403793335,33,24,48,9,1,3
1601460014,30/09/2020 10:00,28,314,19.31886673,2.187793732,30,25,19,4,1,3
1601460074,30/09/2020 10:01,29,317,60.05335999,5.041426659,32,25,67,10,1,3
1601460134,30/09/2020 10:02,29,316,45.39352036,3.986977577,32,25,45,8,1,3
1601460194,30/09/2020 10:03,30,311,9.831029892,2,33,24,10,4,1,3
1601460254,30/09/2020 10:04,31,308,16.83232689,2.346072197,34,24,17,5,1,3
1601460314,30/09/2020 10:05,30,315,64.64115906,5.933269501,32,25,74,12,1,3
1601460374,30/09/2020 10:06,30,305,9.797739029,2,32,24,10,4,1,3
1601460434,30/09/2020 10:07,30,305,40.22870255,2.99226284,32,24,40,6,1,3
1601460557,30/09/2020 10:09,33,309,32.59523773,2.6774683,36,24,33,5,1,3
1601460617,30/09/2020 10:10,31,300,37.66452789,3.83761692,33,24,38,8,1,3
1601460677,30/09/2020 10:11,31,302,54.86637497,4.260241508,33,24,58,9,1,3
1601460737,30/09/2020 10:12,32,297,39.66213989,3.241417885,35,23,40,6,1,3
1601460797,30/09/2020 10:13,32,298,3,2,35,24,3,4,1,3
1601460857,30/09/2020 10:14,33,291,67.31743622,4.95023632,37,23,79,10,1,3
1601460917,30/09/2020 10:15,31,285,8.468587875,2,34,23,8,4,1,3
1601460977,30/09/2020 10:16,31,289,35.88959503,3.062824249,34,23,36,6,1,3
1601461037,30/09/2020 10:17,34,283,97.39614868,7.554274559,38,22,111,15,1,3
1601461097,30/09/2020 10:18,34,287,41.96522903,3.138768196,38,23,42,6,1,3
1601461157,30/09/2020 10:19,32,283,44.86402893,3.914373398,35,22,45,8,1,3
1601461217,30/09/2020 10:20,33,277,62.22636795,4.230948448,37,22,70,8,1,3
1601461277,30/09/2020 10:21,32,286,83.47227478,7.854642868,36,23,102,16,1,3
1601461337,30/09/2020 10:22,33,282,95.22859192,7.989192009,37,22,110,16,1,3
1601461397,30/09/2020 10:23,32,284,3,2,35,22,3,4,1,3
1601461457,30/09/2020 10:24,32,281,43.92589569,3.635178566,35,22,44,7,1,3
1601461517,30/09/2020 10:25,32,297,43.27339172,3.881147385,36,23,43,8,1,3
1601461577,30/09/2020 10:26,34,304,89.28933716,6.380761147,38,24,106,13,1,3
1601461637,30/09/2020 10:27,32,305,3,2,35,24,3,4,1,3
1601461697,30/09/2020 10:28,33,300,16.72882843,2.726165771,37,24,17,5,1,3
1601461757,30/09/2020 10:29,33,310,41.65911102,3.693325996,37,24,42,7,1,3
1601461817,30/09/2020 10:30,33,324,81.89762115,5.49328804,37,25,101,11,1,3
1601461876,30/09/2020 10:31,32,356,22.94262695,2.409222603,35,28,23,5,1,3
1601461936,30/09/2020 10:32,32,358,3.744223595,2.744223595,35,28,4,5,2,4
1601461996,30/09/2020 10:33,32,359,77.65983582,4.57469368,35,28,96,9,1,3
1601462056,30/09/2020 10:34,32,359,74.46294403,5.175302505,36,28,91,10,1,3
1601462116,30/09/2020 10:35,32,384,103.5685272,7.282309532,35,30,115,15,1,3
1601462176,30/09/2020 10:36,30,411,14.06043816,2,32,32,14,4,1,3
1601462236,30/09/2020 10:37,31,435,18.91979408,2,33,34,19,4,1,3
1601462296,30/09/2020 10:38,31,484,50.82168198,4.149784088,33,37,51,8,1,3
1601462356,30/09/2020 10:39,29,499,44.66448593,4.060736656,31,38,45,8,1,3
1601462476,30/09/2020 10:41,28,518,96.888237,7.877339363,30,40,111,16,1,3
1601462536,30/09/2020 10:42,29,506,57.59972382,3.547201157,31,39,63,7,1,3
1601462596,30/09/2020 10:43,28,522,34.49793625,4.987280846,30,40,34,10,1,4
1601462656,30/09/2020 10:44,29,546,68.18861389,6.283144951,31,42,80,13,1,3
1601462897,30/09/2020 10:48,28,573,95.48597717,8.37027359,29,44,110,17,1,3
1601462957,30/09/2020 10:49,29,587,49.09489822,4.902646542,31,45,49,10,1,3
1601463017,30/09/2020 10:50,29,619,40.77665329,5.101994514,31,47,41,10,1,3
1601463197,30/09/2020 10:53,25,680,77.86575317,4.870601654,25,51,96,10,1,3
1601463257,30/09/2020 10:54,27,697,110.7178574,9.248626709,28,51,119,18,1,3
1601463317,30/09/2020 10:55,26,657,70.46614075,6.290171623,27,50,84,13,1,3
1601463377,30/09/2020 10:56,25,679,58.74614716,5.213757515,25,51,65,10,1,3
1601463497,30/09/2020 10:58,22,681,8.359893799,2,22,51,8,4,1,3
1601463617,30/09/2020 11:00,26,699,31.82847595,2.435202599,27,51,32,5,1,3
1601463677,30/09/2020 11:01,23,689,135.9242859,11.81388855,23,51,135,24,2,4
1601463737,30/09/2020 11:02,24,713,3,2,24,52,3,4,1,3
1601463797,30/09/2020 11:03,24,710,47.74077606,2.538244247,24,52,48,5,1,3
1601463857,30/09/2020 11:04,23,695,45.05870438,2.566288948,23,51,45,5,1,3
1601463917,30/09/2020 11:05,23,693,95.63605499,7.051084518,23,51,110,14,1,3
1601463977,30/09/2020 11:06,25,675,58.1531601,4.71369648,25,51,64,9,1,3
1601464037,30/09/2020 11:07,22,690,72.6713028,5.032099724,21,51,88,10,1,3
1601464097,30/09/2020 11:08,23,664,14.19594765,2,23,50,14,4,1,3
1601464157,30/09/2020 11:09,23,643,21.15109444,2,23,49,21,4,1,3
1601464217,30/09/2020 11:10,22,643,51.18120575,3.87108326,20,49,52,8,1,3
1601464277,30/09/2020 11:11,24,640,20.07736397,2,24,49,20,4,1,3
1601464337,30/09/2020 11:12,22,637,94.63220215,8.172170639,20,48,109,16,1,3
1601464397,30/09/2020 11:13,22,624,3,2,20,47,3,4,1,3
1601464457,30/09/2020 11:14,22,620,3,2,22,47,3,4,1,3
1601464517,30/09/2020 11:15,23,631,82.25460052,5.972166061,23,48,101,12,1,3
1601464577,30/09/2020 11:16,22,618,23.25707626,2.119883537,22,47,23,4,1,3
1601464637,30/09/2020 11:17,24,625,29.96656799,2.124554634,24,47,30,4,1,3
1601464696,30/09/2020 11:18,22,594,68.68977356,5.304886818,22,45,81,11,1,3
1601464756,30/09/2020 11:19,22,593,104.8110352,8.365249634,22,45,116,17,1,3
1601464816,30/09/2020 11:20,22,584,3,2,21,44,3,4,1,3
1601464876,30/09/2020 11:21,22,583,4.667963028,2,21,44,5,4,1,3
1601464936,30/09/2020 11:22,23,597,3,2,22,45,3,4,1,3
1601464996,30/09/2020 11:23,21,598,20.56442642,2.369832039,20,45,21,5,1,3
1601465056,30/09/2020 11:24,25,585,25.45149231,2.622101784,25,45,25,5,1,3
1601465116,30/09/2020 11:25,22,580,51.5539093,4.115181923,21,44,53,8,1,3
1601465176,30/09/2020 11:26,24,570,31.65840912,3.278044701,24,43,32,7,1,3
1601465236,30/09/2020 11:27,21,566,55.35875702,4.967573166,20,43,59,10,1,3
1601465296,30/09/2020 11:28,24,574,12.80209827,2,24,44,13,4,1,3
1601465356,30/09/2020 11:29,22,572,51.45922852,4.016775131,21,44,52,8,1,3
1601465416,30/09/2020 11:30,21,571,16.157547,2.911535263,20,43,16,6,1,3
1601465476,30/09/2020 11:31,23,555,15.80956268,2.464901924,23,42,16,5,1,3
1601465536,30/09/2020 11:32,21,545,7.471755505,2,20,42,7,4,1,3
1601465596,30/09/2020 11:33,22,549,61.53209686,7.447183609,21,42,69,15,2,4
1601465656,30/09/2020 11:34,23,555,35.04148865,2.54833889,23,42,35,5,1,3
1601465716,30/09/2020 11:35,24,548,3,2,24,42,3,4,1,3
1601465776,30/09/2020 11:36,23,532,17.77002335,2.326934814,23,41,18,5,1,3
1601465836,30/09/2020 11:37,24,527,32.74879837,2.819346428,24,40,33,6,1,3
1601465896,30/09/2020 11:38,23,534,55.39710999,4.207603455,23,41,59,8,1,3
1601465956,30/09/2020 11:39,23,524,14.06880856,2.212505341,23,40,14,4,1,3
1601466016,30/09/2020 11:40,22,520,23.88298035,2,20,40,24,4,1,3
1601466076,30/09/2020 11:41,23,515,61.70829773,4.855854988,22,39,70,10,1,3
1601466136,30/09/2020 11:42,23,517,16.08058548,2,22,40,16,4,1,3
1601466196,30/09/2020 11:43,23,513,54.19612503,6.424582481,22,39,57,13,2,5
1601466256,30/09/2020 11:44,22,509,39.83507156,4.117970467,20,39,40,8,1,3
1601466316,30/09/2020 11:45,23,515,26.42039108,2.972100258,23,39,26,6,1,3
1601466376,30/09/2020 11:46,22,510,3,2,20,39,3,4,1,3
1601466436,30/09/2020 11:47,22,505,48.85669327,3.94290638,20,39,49,8,1,3
1601466496,30/09/2020 11:48,22,500,23.77716446,2.405583382,20,38,24,5,1,3
1601466556,30/09/2020 11:49,24,516,40.61813736,4.186841011,24,39,41,8,1,3
1601466616,30/09/2020 11:50,24,501,3,2,24,38,3,4,1,3
1601466676,30/09/2020 11:51,22,499,3,2,21,38,3,4,1,3
1601466736,30/09/2020 11:52,23,498,3.027549028,2,22,38,3,4,1,3
1601466796,30/09/2020 11:53,23,493,3,2,22,38,3,4,1,3
1601466856,30/09/2020 11:54,20,488,21.76171112,2.188954353,19,37,22,4,1,3
1601466916,30/09/2020 11:55,24,491,77.90789032,5.124520302,24,38,97,10,1,3
1601466976,30/09/2020 11:56,24,489,20.88550758,2,24,37,21,4,1,3
1601467036,30/09/2020 11:57,22,482,61.13906479,5.861264229,21,37,69,12,1,3
1601467096,30/09/2020 11:58,22,494,7.892091751,2,21,38,8,4,1,3
1601467156,30/09/2020 11:59,22,480,3,2,21,37,3,4,1,3
1601467216,30/09/2020 12:00,20,473,23.72842789,2.567233086,19,36,24,5,1,3
1601467276,30/09/2020 12:01,22,470,43.20910263,4.458343506,21,36,43,9,1,3
1601467336,30/09/2020 12:02,23,471,9.205320358,2.418224335,22,36,9,5,1,3
1601467457,30/09/2020 12:04,22,469,51.07802963,4.439803123,21,36,52,9,1,3
1601467517,30/09/2020 12:05,24,476,24.08927536,2.163014412,24,37,24,4,1,3
1601467577,30/09/2020 12:06,21,458,61.67440033,5.170818329,20,35,69,10,1,3
1601467637,30/09/2020 12:07,23,460,22.29814911,2.218842506,22,35,22,4,1,3
1601467697,30/09/2020 12:08,23,470,47.86533356,4.578725815,22,36,48,9,1,3
1601467757,30/09/2020 12:09,22,458,28.60215759,2.361780167,21,35,29,5,1,3
1601467817,30/09/2020 12:10,24,451,3.890237093,2.116630554,24,35,4,4,1,3
1601467878,30/09/2020 12:11,20,450,49.65056229,4.123309135,19,35,50,8,1,3
1601467938,30/09/2020 12:12,23,442,28.57873535,3.220994949,22,34,29,6,1,3
1601467998,30/09/2020 12:13,22,455,10.54311562,2.184803963,21,35,11,4,1,3
1601468058,30/09/2020 12:14,23,458,4.102053165,2,22,35,4,4,1,3
1601468117,30/09/2020 12:15,22,449,79.91135406,6.204681396,21,35,100,12,1,3
1601468177,30/09/2020 12:16,23,448,3,2,23,34,3,4,1,3
1601468237,30/09/2020 12:17,21,446,26.19495392,3.282297134,20,34,26,7,1,3
1601468297,30/09/2020 12:18,22,440,14.00873089,2,21,34,14,4,1,3
1601468357,30/09/2020 12:19,23,446,27.28284073,3.020261765,22,34,27,6,1,3
1601468417,30/09/2020 12:20,24,429,14.24863052,2,24,33,14,4,1,3
1601468477,30/09/2020 12:21,23,432,21.52306747,2.882260323,23,33,22,6,1,3
1601468537,30/09/2020 12:22,22,437,6.608140469,2,21,34,7,4,1,3
1601468597,30/09/2020 12:23,25,430,29.77173996,3.303415298,25,33,30,7,1,3
1601468657,30/09/2020 12:24,23,435,5.605648994,2.459140778,23,34,6,5,1,3
1601468716,30/09/2020 12:25,20,432,34.01835632,3.727863312,19,33,34,7,1,3
1601468776,30/09/2020 12:26,21,433,16.64794922,2,20,33,17,4,1,3
1601468836,30/09/2020 12:27,22,436,27.51150894,4.546034813,21,34,28,9,1,3
1601468896,30/09/2020 12:28,21,430,20.67669678,2.603399277,20,33,21,5,1,3
1601468956,30/09/2020 12:29,24,413,3,2,23,32,3,4,1,3
1601469016,30/09/2020 12:30,24,401,3,2,24,31,3,4,1,3
1601469076,30/09/2020 12:31,23,404,30.64216232,2.576942444,22,31,31,5,1,3
1601469197,30/09/2020 12:33,24,369,13.70872211,2.443468094,24,29,14,5,1,3
1601469257,30/09/2020 12:34,23,354,34.39627075,3.592042923,23,28,34,7,1,3
1601469317,30/09/2020 12:35,28,340,3.011610985,2.011610985,29,27,3,4,1,3
1601469377,30/09/2020 12:36,30,322,24.4475708,4.270349503,32,25,24,9,1,3
1601469437,30/09/2020 12:37,28,308,44.78144455,4.96776104,29,24,45,10,1,3
1601469497,30/09/2020 12:38,29,295,3,2,31,23,3,4,1,3
1601469557,30/09/2020 12:39,31,275,5.109295845,2.407319069,34,22,5,5,1,3
1601469617,30/09/2020 12:40,33,270,3,2,36,21,3,4,1,3
1601469677,30/09/2020 12:41,33,261,3,2,36,21,3,4,1,3
1601469737,30/09/2020 12:42,32,243,21.80066681,3.789013863,35,19,22,8,1,3
1601469797,30/09/2020 12:43,35,238,18.20391083,3.000589371,40,19,18,6,1,3
1601469857,30/09/2020 12:44,34,233,17.75998688,2.665876389,37,19,18,5,1,3
1601469917,30/09/2020 12:45,35,224,34.45185852,3.588770866,39,18,34,7,1,3
1601469977,30/09/2020 12:46,36,215,4.421329021,2,41,17,4,4,1,3
1601470037,30/09/2020 12:47,34,208,3.196618795,2,38,17,3,4,1,3
1601470097,30/09/2020 12:48,36,203,14.86583996,2.940457344,41,16,15,6,1,3
1601470157,30/09/2020 12:49,38,198,27.66659927,3.273319244,44,16,28,7,1,3
1601470217,30/09/2020 12:50,37,190,16.03108025,2.397979736,42,15,16,5,1,3
1601470277,30/09/2020 12:51,39,188,22.76592827,6.360177994,45,15,23,13,2,6
1601470337,30/09/2020 12:52,40,182,3,2,46,15,3,4,1,3
1601470397,30/09/2020 12:53,40,181,25.0095787,2.83528614,46,14,25,6,1,3
1601470457,30/09/2020 12:54,39,179,3,2,45,14,3,4,1,3
1601470517,30/09/2020 12:55,38,177,3,2,43,14,3,4,1,3
1601470577,30/09/2020 12:56,39,171,3,2,45,14,3,4,1,3
1601470637,30/09/2020 12:57,39,164,3,2,45,13,3,4,1,3
1601470697,30/09/2020 12:58,41,159,9.371172905,2.069307327,47,13,9,4,1,3
1601470757,30/09/2020 12:59,41,155,5.994595528,2,47,12,6,4,1,3
1601470817,30/09/2020 13:00,39,154,3,2,45,12,3,4,1,3
1601470877,30/09/2020 13:01,40,152,3,2,46,12,3,4,1,3
1601470997,30/09/2020 13:03,41,146,3,2,49,12,3,4,1,3
1601471057,30/09/2020 13:04,41,141,10.80211353,3.111156464,49,11,11,6,1,3
1601471117,30/09/2020 13:05,42,137,3,2,49,11,3,4,1,3
1601471177,30/09/2020 13:06,44,138,3,2,51,11,3,4,1,3
1601471297,30/09/2020 13:08,43,136,3,2,50,11,3,4,1,3
1601471417,30/09/2020 13:10,43,131,3,2,50,10,3,4,1,3
1601471477,30/09/2020 13:11,45,132,5.61882925,3.155920506,52,11,6,6,1,3
1601471537,30/09/2020 13:12,47,130,3,2,53,10,3,4,1,3
1601471597,30/09/2020 13:13,44,131,3.405054569,2.405054569,51,10,3,5,1,3
1601471657,30/09/2020 13:14,41,130,3,2,48,10,3,4,1,3
1601471717,30/09/2020 13:15,42,130,4.580025673,3.580025673,49,10,5,7,2,4
1601471777,30/09/2020 13:16,43,133,3,2,50,11,3,4,1,3
1601471837,30/09/2020 13:17,42,131,3,2,49,10,3,4,1,3
1601471897,30/09/2020 13:18,42,133,3,2,49,11,3,4,1,3
1601472017,30/09/2020 13:20,41,137,5.708364487,2,48,11,6,4,1,3
1601472137,30/09/2020 13:22,40,133,27.28556824,2.921739578,46,11,27,6,1,3
1601472197,30/09/2020 13:23,39,135,3,2,45,11,3,4,1,3
1601472257,30/09/2020 13:24,41,135,3,2,47,11,3,4,1,3
1601472317,30/09/2020 13:25,42,135,3,2,49,11,3,4,1,3
1601472377,30/09/2020 13:26,42,134,3,2,49,11,3,4,1,3
1601472437,30/09/2020 13:27,41,138,3.176372528,2.176372528,47,11,3,4,1,3
1601472497,30/09/2020 13:28,41,132,3.590664387,2.590664387,47,11,4,5,1,3
1601472557,30/09/2020 13:29,42,134,16.88595772,3.352558136,49,11,17,7,1,3
1601472617,30/09/2020 13:30,41,130,3.231637955,2.231637955,47,10,3,4,1,3
1601472677,30/09/2020 13:31,40,133,3,2,46,11,3,4,1,3
1601472735,30/09/2020 13:32,40,133,3.76605463,2.11567688,46,11,4,4,1,3
1601472795,30/09/2020 13:33,41,131,7.794543743,2,47,10,8,4,1,3
1601472855,30/09/2020 13:34,42,129,6.006938934,2,49,10,6,4,1,3
1601472915,30/09/2020 13:35,42,135,37.67743683,5.786922932,49,11,38,12,2,4
1601472975,30/09/2020 13:36,42,134,3.557342052,2.557342052,49,11,4,5,1,3
1601473035,30/09/2020 13:37,41,132,3,2,47,11,3,4,1,3
1601473095,30/09/2020 13:38,42,137,3,2,49,11,3,4,1,3
1601473155,30/09/2020 13:39,40,145,3,2,46,12,3,4,1,3
1601473215,30/09/2020 13:40,40,142,6.093860626,3.451401949,46,11,6,7,1,3
1601473275,30/09/2020 13:41,40,143,3.46089077,2.46089077,46,11,3,5,1,3
1601473335,30/09/2020 13:42,41,141,14.62011242,3.010204315,47,11,15,6,1,3
1601473395,30/09/2020 13:43,42,141,9.804002762,2.819915771,49,11,10,6,1,3
1601473455,30/09/2020 13:44,40,143,3.03823185,2.03823185,46,11,3,4,1,3
1601473515,30/09/2020 13:45,41,142,3,2,47,11,3,4,1,3
1601473575,30/09/2020 13:46,40,138,16.51578712,3.733442307,46,11,17,7,1,3
1601473635,30/09/2020 13:47,41,138,3,2,47,11,3,4,1,3
1601473695,30/09/2020 13:48,43,132,3,2,51,11,3,4,1,3
1601473755,30/09/2020 13:49,41,130,6.272738457,2,48,10,6,4,1,3
1601473815,30/09/2020 13:50,41,134,3,2,48,11,3,4,1,3
1601473875,30/09/2020 13:51,43,135,7.571004868,2.767591953,50,11,8,6,1,3
1601473935,30/09/2020 13:52,43,132,4.090987682,2,50,11,4,4,1,3
1601473995,30/09/2020 13:53,42,135,3.439638853,2.439638853,49,11,3,5,1,3
1601474055,30/09/2020 13:54,39,132,3,2,45,11,3,4,1,3
1601474115,30/09/2020 13:55,42,133,18.68563843,3.210229874,49,11,19,6,1,3
1601474175,30/09/2020 13:56,42,129,3,2,49,10,3,4,1,3
1601474235,30/09/2020 13:57,41,130,3,2,48,10,3,4,1,3
1601474295,30/09/2020 13:58,41,134,7.1277771,3.037974358,48,11,7,6,1,3
1601474355,30/09/2020 13:59,42,135,4.000267506,2.135633469,49,11,4,4,1,3
1601474415,30/09/2020 14:00,39,137,4.625782013,2.078813553,45,11,5,4,1,3
1601474475,30/09/2020 14:01,41,139,3,2,48,11,3,4,1,3
1601474535,30/09/2020 14:02,41,135,10.16179562,2.754898071,48,11,10,6,1,3
1601474595,30/09/2020 14:03,40,132,8.123478889,3.835917711,46,11,8,8,1,4
1601474655,30/09/2020 14:04,40,137,4.514163017,2,46,11,5,4,1,3
1601474715,30/09/2020 14:05,41,138,6.081804276,2.335315704,48,11,6,5,1,3
1601474775,30/09/2020 14:06,41,134,3.547183514,2,48,11,4,4,1,3
1601474835,30/09/2020 14:07,39,136,3,2,46,11,3,4,1,3
1601474895,30/09/2020 14:08,39,133,29.53548431,2.83721447,45,11,30,6,1,3
1601474955,30/09/2020 14:09,40,131,3,2,46,10,3,4,1,3
1601475015,30/09/2020 14:10,38,134,13.19516754,3.46624589,44,11,13,7,1,4
1601475075,30/09/2020 14:11,40,135,3,2,46,11,3,4,1,3
1601475135,30/09/2020 14:12,39,136,4.019592285,2,45,11,4,4,1,3
1601475195,30/09/2020 14:13,38,136,3,2,44,11,3,4,1,3
1601475255,30/09/2020 14:14,37,133,10.73824024,3.074045897,42,11,11,6,1,3
1601475315,30/09/2020 14:15,39,136,3,2,45,11,3,4,1,3
1601475375,30/09/2020 14:16,38,135,10.48763275,2,44,11,10,4,1,3
1601475435,30/09/2020 14:17,41,136,3,2,48,11,3,4,1,3
1601475495,30/09/2020 14:18,39,135,3,2,45,11,3,4,1,3
1601475555,30/09/2020 14:19,38,135,3,2,44,11,3,4,1,3
1601475615,30/09/2020 14:20,37,134,9.85556221,2.846240997,42,11,10,6,1,3
1601475675,30/09/2020 14:21,35,134,21.26672745,3.869990349,40,11,21,8,1,3
1601475735,30/09/2020 14:22,35,137,18.5824585,3.168166161,39,11,19,6,1,3
1601475795,30/09/2020 14:23,36,137,16.65227509,5.634467125,40,11,17,11,2,5
1601475855,30/09/2020 14:24,35,137,3,2,39,11,3,4,1,3
1601475915,30/09/2020 14:25,34,135,5.169487476,2.844322205,38,11,5,6,1,3
1601475975,30/09/2020 14:26,36,135,5.403496265,2,40,11,5,4,1,3
1601476097,30/09/2020 14:28,37,138,3,2,42,11,3,4,1,3
1601476157,30/09/2020 14:29,37,135,36.6444664,5.115365505,42,11,37,10,1,4
1601476217,30/09/2020 14:30,32,138,3,2,35,11,3,4,1,3
1601476277,30/09/2020 14:31,35,142,3,2,40,11,3,4,1,3
1601476337,30/09/2020 14:32,32,139,3,2,35,11,3,4,1,3
1601476397,30/09/2020 14:33,36,140,37.35817719,5.412451267,41,11,37,11,1,4
1601476457,30/09/2020 14:34,34,140,4.379134655,2.027722359,38,11,4,4,1,3
1601476517,30/09/2020 14:35,34,137,36.13593674,8.425580025,38,11,36,17,3,7
1601476577,30/09/2020 14:36,34,140,3,2,38,11,3,4,1,3
1601476637,30/09/2020 14:37,35,137,3.76886797,2.76886797,39,11,4,6,1,3
1601476697,30/09/2020 14:38,36,142,3,2,41,11,3,4,1,3
1601476757,30/09/2020 14:39,35,137,29.65930367,4.372927189,40,11,30,9,1,3
1601476817,30/09/2020 14:40,39,136,4.732760906,2.075322151,45,11,5,4,1,3
1601476877,30/09/2020 14:41,39,137,22.09431076,2.427445412,45,11,22,5,1,3
1601476937,30/09/2020 14:42,37,137,13.57790565,2.359103203,42,11,14,5,1,3
1601476997,30/09/2020 14:43,38,136,3,2,44,11,3,4,1,3
1601477057,30/09/2020 14:44,38,137,9.57516861,2,43,11,10,4,1,3
1601477117,30/09/2020 14:45,37,138,4.106012344,3.106012583,42,11,4,6,2,5
1601477177,30/09/2020 14:46,38,139,3,2,44,11,3,4,1,3
1601477237,30/09/2020 14:47,39,137,3,2,45,11,3,4,1,3
1601477297,30/09/2020 14:48,38,136,5.912776947,2,44,11,6,4,1,3
1601477357,30/09/2020 14:49,40,137,3,2,46,11,3,4,1,3
1601477417,30/09/2020 14:50,41,139,14.93187714,2,48,11,15,4,1,3
1601477477,30/09/2020 14:51,40,138,3,2,46,11,3,4,1,3
1601477537,30/09/2020 14:52,40,138,5.12016058,2,46,11,5,4,1,3
1601477597,30/09/2020 14:53,40,134,17.83947372,2.384087563,46,11,18,5,1,3
1601477657,30/09/2020 14:54,38,139,3,2,43,11,3,4,1,3
1601477717,30/09/2020 14:55,40,139,10.29866695,2,46,11,10,4,1,3
1601477777,30/09/2020 14:56,41,135,3,2,47,11,3,4,1,3
1601477837,30/09/2020 14:57,42,137,30.21828842,2,49,11,30,4,1,3
1601477897,30/09/2020 14:58,41,141,15.25727749,2,47,11,15,4,1,3
1601477957,30/09/2020 14:59,39,160,53.68331146,4.280085564,45,13,56,9,1,3
1601478017,30/09/2020 15:00,39,172,3,2,45,14,3,4,1,3
1601478077,30/09/2020 15:01,39,179,27.80784607,3.590194702,46,14,28,7,1,3
1601478137,30/09/2020 15:02,38,177,67.26226044,6.735220909,44,14,79,13,1,3
1601478197,30/09/2020 15:03,40,177,31.88961029,4.320863724,47,14,32,9,1,3
1601478257,30/09/2020 15:04,38,175,3,2,44,14,3,4,1,3
1601478317,30/09/2020 15:05,39,176,16.6732235,2.545186996,46,14,17,5,1,3
1601478377,30/09/2020 15:06,40,179,3,2,47,14,3,4,1,3
1601478437,30/09/2020 15:07,39,176,27.06819725,2.279493332,46,14,27,5,1,3
1601478497,30/09/2020 15:08,41,173,6.312033653,2,48,14,6,4,1,3
1601478557,30/09/2020 15:09,41,171,15.61444855,2.392091751,48,14,16,5,1,3
1601478617,30/09/2020 15:10,41,171,3.729200602,2,48,14,4,4,1,3
1601478677,30/09/2020 15:11,40,168,16.25173187,4.506106377,47,13,16,9,2,4
1601478737,30/09/2020 15:12,43,167,7.883955479,3.377523899,50,13,8,7,1,3
1601478797,30/09/2020 15:13,40,169,46.40361786,6.538031578,47,14,46,13,2,4
1601478857,30/09/2020 15:14,41,164,3,2,48,13,3,4,1,3
1601478917,30/09/2020 15:15,41,163,15.0445013,3.266568184,48,13,15,7,1,3
1601478977,30/09/2020 15:16,42,162,26.73204803,4.477730751,49,13,27,9,1,3
1601479037,30/09/2020 15:17,42,159,3,2,49,13,3,4,1,3
1601479097,30/09/2020 15:18,42,158,3,2,49,13,3,4,1,3
1601479157,30/09/2020 15:19,43,157,6.522111416,2.131676674,50,13,7,4,1,3
1601479217,30/09/2020 15:20,41,158,3,2,48,13,3,4,1,3
1601479278,30/09/2020 15:21,42,160,7.135453224,2.983903885,49,13,7,6,1,3
1601479338,30/09/2020 15:22,42,155,3,2,49,12,3,4,1,3
1601479398,30/09/2020 15:23,43,155,11.64094162,2.471666336,50,12,12,5,1,3
1601479518,30/09/2020 15:25,42,156,11.32350063,3.500905514,49,12,11,7,1,3
1601479578,30/09/2020 15:26,43,153,3,2,50,12,3,4,1,3
1601479877,30/09/2020 15:31,44,151,3,2,51,12,3,4,1,3
1601479936,30/09/2020 15:32,45,149,23.38357925,4.547374725,52,12,23,9,1,4
1601480117,30/09/2020 15:35,43,149,20.60062599,4.185863972,50,12,21,8,1,3
1601480177,30/09/2020 15:36,46,150,3,2,52,12,3,4,1,3
1601480298,30/09/2020 15:38,44,142,3,2,51,11,3,4,1,3
1601480358,30/09/2020 15:39,41,148,21.10142517,3.420303345,48,12,21,7,1,3
1601480478,30/09/2020 15:41,41,153,14.40760231,4.185727119,49,12,14,8,1,4
1601480538,30/09/2020 15:42,45,146,3.075304985,2.075304985,52,12,3,4,1,3
1601480658,30/09/2020 15:44,46,129,3.254205704,2.254205704,53,10,3,5,1,3
1601480718,30/09/2020 15:45,49,123,19.29507446,2.925461769,55,10,19,6,1,3
1601480778,30/09/2020 15:46,48,123,3,2,54,10,3,4,1,3
1601480838,30/09/2020 15:47,49,119,3,2,55,10,3,4,1,3
1601480898,30/09/2020 15:48,53,113,3,2,58,9,3,4,1,3
1601481018,30/09/2020 15:50,45,153,78.19670105,20.17210388,52,12,97,40,8,21
1601481078,30/09/2020 15:51,43,157,8.4769907,2.386472702,51,13,8,5,1,3
1601481138,30/09/2020 15:52,46,140,3,2,53,11,3,4,1,3
1601481198,30/09/2020 15:53,46,137,3.244624138,2.244624138,53,11,3,4,1,3
1601481317,30/09/2020 15:55,46,132,19.42410469,2.880655289,53,11,19,6,1,3
1601481377,30/09/2020 15:56,46,131,3,2,53,10,3,4,1,3
1601481437,30/09/2020 15:57,47,130,3,2,53,10,3,4,1,3
1601481497,30/09/2020 15:58,47,130,3,2,54,10,3,4,1,3
1601481557,30/09/2020 15:59,45,133,33.23325348,6.240728378,52,11,33,12,2,5
1601481617,30/09/2020 16:00,47,130,3,2,54,10,3,4,1,3
1601481677,30/09/2020 16:01,45,131,3,2,52,10,3,4,1,3
1601481737,30/09/2020 16:02,45,131,3,2,52,10,3,4,1,3
1601481797,30/09/2020 16:03,46,134,3,2,52,11,3,4,1,3
1601481857,30/09/2020 16:04,44,137,3,2,52,11,3,4,1,3
1601481917,30/09/2020 16:05,43,133,13.15760422,2.448636055,50,11,13,5,1,3
1601481977,30/09/2020 16:06,41,131,3,2,48,10,3,4,1,3
1601482037,30/09/2020 16:07,42,134,7.451494217,2,49,11,7,4,1,3
1601482097,30/09/2020 16:08,41,133,5.640808105,2,48,11,6,4,1,3
1601482157,30/09/2020 16:09,42,133,15.89008236,2,50,11,16,4,1,3
1601482217,30/09/2020 16:10,41,133,3,2,48,11,3,4,1,3
1601482277,30/09/2020 16:11,40,139,15.17793179,2,46,11,15,4,1,3
1601482337,30/09/2020 16:12,39,136,28.80591393,2.605321884,45,11,29,5,1,3
1601482397,30/09/2020 16:13,41,135,3,2,48,11,3,4,1,3
1601482457,30/09/2020 16:14,41,138,23.73971939,3.254169464,49,11,24,7,1,3
1601482517,30/09/2020 16:15,41,141,3,2,47,11,3,4,1,3
1601482577,30/09/2020 16:16,38,143,46.97239304,3.965538979,44,11,47,8,1,3
1601482637,30/09/2020 16:17,38,143,3,2,44,11,3,4,1,3
1601482697,30/09/2020 16:18,37,143,62.34123993,4.540052414,43,11,71,9,1,3
1601482757,30/09/2020 16:19,37,142,5.999297142,2,43,11,6,4,1,3
1601482817,30/09/2020 16:20,37,144,17.48344803,2,42,12,17,4,1,3
1601482877,30/09/2020 16:21,37,143,96.42562103,8.117637634,42,11,110,16,1,3
1601482937,30/09/2020 16:22,37,146,21.36248589,2,42,12,21,4,1,3
1601482997,30/09/2020 16:23,35,144,15.59924698,2.262901306,39,12,16,5,1,3
1601483057,30/09/2020 16:24,37,146,36.04495621,3.812758446,42,12,36,8,1,3
1601483117,30/09/2020 16:25,37,145,35.94761658,3.888442993,42,12,36,8,1,3
1601483177,30/09/2020 16:26,33,149,13.80763721,5.564258575,37,12,14,11,3,7
1601483237,30/09/2020 16:27,35,151,18.92495537,2,40,12,19,4,1,3
1601483297,30/09/2020 16:28,35,154,17.70318604,2.104485512,40,12,18,4,1,3
1601483357,30/09/2020 16:29,36,161,76.78574371,7.024963379,40,13,95,14,1,3
1601483417,30/09/2020 16:30,32,165,49.51156235,3.984347343,35,13,50,8,1,3
1601483477,30/09/2020 16:31,32,174,53.89912033,5.83373642,35,14,56,12,1,3
1601483537,30/09/2020 16:32,33,176,68.3735199,4.801697731,36,14,81,10,1,3
1601483597,30/09/2020 16:33,31,183,44.31319809,5.197516441,34,15,44,10,1,3
1601483657,30/09/2020 16:34,31,184,5.911605835,2,34,15,6,4,1,3
1601483717,30/09/2020 16:35,31,186,28.47549438,3.534236908,34,15,28,7,1,3
1601483777,30/09/2020 16:36,32,190,46.19140244,3.568442345,35,15,46,7,1,3
1601483837,30/09/2020 16:37,31,193,55.69431305,4.023532867,34,15,59,8,1,3
1601483897,30/09/2020 16:38,28,195,46.74900818,5.584415436,30,16,47,11,1,3
1601483957,30/09/2020 16:39,30,194,3,2,32,16,3,4,1,3
1601484017,30/09/2020 16:40,30,189,34.52897263,2.91089344,33,15,35,6,1,3
1601484077,30/09/2020 16:41,29,196,39.87830734,3.77858448,31,16,40,8,1,3
1601484137,30/09/2020 16:42,29,193,68.93309021,5.126690865,31,15,82,10,1,3
1601484197,30/09/2020 16:43,28,193,50.93572235,4.847061157,30,15,52,10,1,3
1601484257,30/09/2020 16:44,30,195,17.16790962,2.187360764,33,16,17,4,1,3
1601484317,30/09/2020 16:45,27,192,36.72833633,3.509869576,29,15,37,7,1,3
1601484377,30/09/2020 16:46,30,193,3,2,33,15,3,4,1,3
1601484437,30/09/2020 16:47,30,199,94.93466187,7.515219688,33,16,109,15,1,3
1601484497,30/09/2020 16:48,27,201,23.70099068,3.655653,29,16,24,7,1,3
1601484557,30/09/2020 16:49,27,199,75.49693298,5.976741791,29,16,92,12,1,3
1601484617,30/09/2020 16:50,30,198,55.17175674,6.31703949,33,16,59,13,1,3
1601484677,30/09/2020 16:51,29,198,50.54846954,4.143285751,31,16,51,8,1,3
1601484737,30/09/2020 16:52,29,194,64.75810242,6.316864967,31,16,75,13,1,3
1601485157,30/09/2020 16:59,27,198,45.21053314,3.917776108,29,16,45,8,1,3
1601485217,30/09/2020 17:00,27,198,29.24530792,3.692475319,27,16,29,7,1,3
1601485277,30/09/2020 17:01,30,193,9.505944252,2.059046745,33,15,10,4,1,3
1601485337,30/09/2020 17:02,28,199,31.54721069,2.442334175,30,16,32,5,1,3
1601485397,30/09/2020 17:03,27,199,34.72212982,3.577373505,27,16,35,7,1,3
1601485457,30/09/2020 17:04,27,194,56.38566589,3.504942894,29,16,61,7,1,3
1601485517,30/09/2020 17:05,27,194,26.58334732,2.781614304,29,16,27,6,1,3
1601485577,30/09/2020 17:06,26,198,3,2,26,16,3,4,1,3
1601485637,30/09/2020 17:07,29,195,11.44586086,2.275667191,31,16,11,5,1,3
1601485697,30/09/2020 17:08,27,194,15.37736034,2.007510185,29,16,15,4,1,3
1601485757,30/09/2020 17:09,27,193,41.60499191,3.6450243,27,15,42,7,1,3
1601485817,30/09/2020 17:10,27,191,23.18285751,2.795761108,29,15,23,6,1,3
1601485877,30/09/2020 17:11,27,193,3,2,27,15,3,4,1,3
1601485937,30/09/2020 17:12,28,189,39.21750641,3.437461853,30,15,39,7,1,3
1601485997,30/09/2020 17:13,28,186,26.40436745,3.725440979,30,15,26,7,1,3
1601486118,30/09/2020 17:15,26,185,58.71326447,4.541845322,27,15,65,9,1,3
1601486238,30/09/2020 17:17,27,182,30.55474281,3.448616028,29,15,31,7,1,3
1601486297,30/09/2020 17:18,29,185,3,2,31,15,3,4,1,3
1601486417,30/09/2020 17:20,26,187,3,2,27,15,3,4,1,3
1601486477,30/09/2020 17:21,28,187,83.69276428,6.598487854,30,15,102,13,1,3
1601486536,30/09/2020 17:22,29,187,58.66072464,4.337058067,31,15,64,9,1,3
1601486596,30/09/2020 17:23,27,189,8.208717346,2,29,15,8,4,1,3
1601486656,30/09/2020 17:24,26,187,17.16381264,2,26,15,17,4,1,3
1601486716,30/09/2020 17:25,27,187,27.59073639,3.000276566,28,15,28,6,1,3
1601486776,30/09/2020 17:26,26,187,37.30614853,4.085211754,27,15,37,8,1,3
1601486836,30/09/2020 17:27,26,186,46.57013702,4.63712883,26,15,47,9,1,3
1601487198,30/09/2020 17:33,28,186,29.73592567,3.185310364,30,15,30,6,1,3
1601487317,30/09/2020 17:35,27,186,11.20339775,2.024542809,29,15,11,4,1,3
1601487377,30/09/2020 17:36,28,192,18.61747742,2.239630699,30,15,19,4,1,3
1601487438,30/09/2020 17:37,29,190,41.95100403,2.955195427,31,15,42,6,1,3
1601487497,30/09/2020 17:38,28,188,3,2,30,15,3,4,1,3
1601487677,30/09/2020 17:41,32,185,96.19166565,8.739048004,35,15,110,17,1,3
1601487737,30/09/2020 17:42,31,186,32.34337234,2.578157425,33,15,32,5,1,3
1601487856,30/09/2020 17:44,32,189,11.98124599,2,35,15,12,4,1,3
1601488156,30/09/2020 17:49,31,188,16.50365829,2,34,15,17,4,1,3
1601488337,30/09/2020 17:52,35,184,61.43053055,4.971691132,40,15,69,10,1,3
1601488757,30/09/2020 17:59,35,178,50.43460846,4.02384758,40,14,51,8,1,3
1601488817,30/09/2020 18:00,33,179,21.28010368,2.145978928,37,14,21,4,1,3
1601488937,30/09/2020 18:02,36,178,53.59941864,4.514982224,41,14,56,9,1,3
1601488996,30/09/2020 18:03,35,181,49.01435089,5.140597343,39,14,49,10,1,3
1601489177,30/09/2020 18:06,35,176,35.1646347,3.09576416,39,14,35,6,1,3
1601489237,30/09/2020 18:07,33,180,68.49633789,5.95612812,37,14,81,12,1,3
1601489297,30/09/2020 18:08,33,180,61.60021973,5.133840561,37,14,69,10,1,3
1601489477,30/09/2020 18:11,32,175,49.43047333,3.581941605,35,14,49,7,1,3
1601489537,30/09/2020 18:12,33,174,22.7639389,2,37,14,23,4,1,3
1601489657,30/09/2020 18:14,33,176,35.29096222,3.54244709,37,14,35,7,1,3
1601489717,30/09/2020 18:15,33,182,27.24950409,2.254820824,37,15,27,5,1,3
1601489777,30/09/2020 18:16,31,179,119.7851028,10.43210602,33,14,125,21,1,3
1601489837,30/09/2020 18:17,34,176,31.79288483,4.054644585,39,14,32,8,1,3
1601489897,30/09/2020 18:18,33,178,21.91962051,2.937042236,36,14,22,6,1,3
1601489957,30/09/2020 18:19,33,180,13.18745804,2.150250435,36,14,13,4,1,3
1601490017,30/09/2020 18:20,33,177,39.7118721,4.312427521,36,14,40,9,1,3
1601490137,30/09/2020 18:22,33,182,3,2,37,15,3,4,1,3
1601490257,30/09/2020 18:24,33,180,34.02355576,3.387495041,36,14,34,7,1,3
1601490616,30/09/2020 18:30,32,179,94.97755432,7.934294701,35,14,109,16,1,3
1601490676,30/09/2020 18:31,32,181,56.00514221,3.750922203,35,14,60,8,1,3
1601490736,30/09/2020 18:32,32,185,18.1407299,2,35,15,18,4,1,3
1601490797,30/09/2020 18:33,30,182,47.9627037,4.098355293,32,15,48,8,1,3
1601490857,30/09/2020 18:34,31,180,74.11044312,7.221008778,33,14,90,14,2,5
1601490977,30/09/2020 18:36,32,175,49.56979752,5.445571423,35,14,50,11,2,5
1601491037,30/09/2020 18:37,33,179,54.16085052,5.585660934,36,14,57,11,1,3
1601491337,30/09/2020 18:42,32,191,25.99388504,2.782753944,35,15,26,6,1,3
1601491395,30/09/2020 18:43,30,195,76.90869141,5.991611481,32,16,95,12,1,3
1601491455,30/09/2020 18:44,32,190,26.12985611,2.943480492,35,15,26,6,1,3
1601491515,30/09/2020 18:45,30,195,26.21615028,2.521154404,32,16,26,5,1,3
1601491575,30/09/2020 18:46,32,198,52.7121315,5.235714912,35,16,55,10,1,3
1601491697,30/09/2020 18:48,32,194,52.6486969,3.97073555,35,16,54,8,1,3
1601491757,30/09/2020 18:49,32,197,80.45223999,6.920724869,35,16,100,14,1,3
1601491817,30/09/2020 18:50,30,195,94.6315155,7.296089172,32,16,109,15,1,3
1601491877,30/09/2020 18:51,31,201,72.28553009,6.929048538,33,16,87,14,1,3
1601491937,30/09/2020 18:52,31,198,51.06830597,4.78882885,33,16,52,10,1,3
1601492058,30/09/2020 18:54,31,191,73.78144836,5.637111664,33,15,90,11,1,3
1601492118,30/09/2020 18:55,32,194,53.91454315,4.391400337,35,16,57,9,1,3
1601492178,30/09/2020 18:56,32,191,64.03490448,5.156023979,35,15,73,10,1,3
1601492238,30/09/2020 18:57,33,190,24.45846939,3.495612144,36,15,24,7,1,3
1601492298,30/09/2020 18:58,31,191,40.33291245,4.037471771,33,15,40,8,1,3
1601492657,30/09/2020 19:04,32,193,32.54978561,2.490334511,35,15,33,5,1,3
1601492717,30/09/2020 19:05,32,192,68.60970306,5.273311615,35,15,81,11,1,3
1601492777,30/09/2020 19:06,32,192,12.01192379,2,35,15,12,4,1,3
1601492837,30/09/2020 19:07,31,193,38.06614685,4.507108688,33,15,38,9,1,3
1601492897,30/09/2020 19:08,31,205,67.56929779,5.388049126,34,16,79,11,1,3
1601492957,30/09/2020 19:09,31,214,41.14284134,3.506079674,33,17,41,7,1,3
1601493076,30/09/2020 19:11,31,228,113.4728165,8.916908264,33,18,121,18,1,3
1601493136,30/09/2020 19:12,29,229,88.59475708,8.782684326,31,18,105,18,3,7
1601493196,30/09/2020 19:13,27,245,40.20676041,3.458281517,29,20,40,7,1,3
1601493317,30/09/2020 19:15,27,296,42.7440567,6.605986595,28,23,43,13,3,7
1601493377,30/09/2020 19:16,23,315,44.53967285,4.277775764,23,25,45,9,1,3
1601493437,30/09/2020 19:17,24,449,86.5920105,8.052518845,23,35,104,16,1,3
1601493497,30/09/2020 19:18,32,322,24.25743866,2,35,25,24,4,1,3
1601493557,30/09/2020 19:19,39,300,3,2,44,24,3,4,1,3
1601494037,30/09/2020 19:27,35,249,108.1111679,7.5590868,39,20,118,15,1,3
1601494097,30/09/2020 19:28,37,251,3,2,42,20,3,4,1,3
1601494157,30/09/2020 19:29,36,248,27.20093155,2.157411575,40,20,27,4,1,3
1601494217,30/09/2020 19:30,36,252,53.596138,3.614837646,40,20,56,7,1,3
1601494277,30/09/2020 19:31,34,243,20.82105446,2,38,19,21,4,1,3
1601494337,30/09/2020 19:32,36,244,76.59275055,6.069732666,41,20,94,12,1,3
1601494397,30/09/2020 19:33,33,242,21.08695793,2.563753128,37,19,21,5,1,3
1601494457,30/09/2020 19:34,33,236,38.70513153,3.44685936,36,19,39,7,1,3
1601494517,30/09/2020 19:35,35,234,6.690305233,2,39,19,7,4,1,3
1601494577,30/09/2020 19:36,33,227,62.29769516,5.863617897,36,18,70,12,1,3
1601494637,30/09/2020 19:37,33,225,62.03327942,5.851019859,36,18,70,12,1,3
1601494697,30/09/2020 19:38,34,226,11.52308083,2,37,18,12,4,1,3
1601494757,30/09/2020 19:39,33,226,76.10001373,6.616377831,36,18,94,13,1,3
1601494817,30/09/2020 19:40,32,225,6.189862251,2,35,18,6,4,1,3
1601494877,30/09/2020 19:41,35,219,34.5007019,3.39995575,40,18,35,7,1,3
1601494937,30/09/2020 19:42,34,220,16.8579998,2,38,18,17,4,1,3
1601494997,30/09/2020 19:43,34,217,33.84522247,2.609430313,38,17,34,5,1,3
1601495057,30/09/2020 19:44,35,214,3,2,40,17,3,4,1,3
1601495117,30/09/2020 19:45,32,213,7.0542202,2,36,17,7,4,1,3
1601495177,30/09/2020 19:46,36,215,3,2,41,17,3,4,1,3
1601495237,30/09/2020 19:47,34,211,35.54256821,4.085472107,38,17,36,8,1,3
1601495297,30/09/2020 19:48,36,211,59.3411293,5.397862434,41,17,66,11,1,3
1601495357,30/09/2020 19:49,34,209,12.35384655,2,38,17,12,4,1,3
1601495417,30/09/2020 19:50,35,206,35.60738373,3.5001688,39,16,36,7,1,3
1601495477,30/09/2020 19:51,35,209,27.81889343,2.607903481,39,17,28,5,1,3
1601495537,30/09/2020 19:52,36,205,3,2,41,16,3,4,1,3
1601495597,30/09/2020 19:53,37,204,22.88574028,3.477180958,43,16,23,7,1,4
1601495657,30/09/2020 19:54,36,209,30.56871986,2.593149185,41,17,31,5,1,3
1601495717,30/09/2020 19:55,37,203,3,2,42,16,3,4,1,3
1601495777,30/09/2020 19:56,37,202,33.28198242,3.185809135,42,16,33,6,1,3
1601495837,30/09/2020 19:57,38,200,3,2,44,16,3,4,1,3
1601495897,30/09/2020 19:58,37,200,12.445961,2.073300362,42,16,12,4,1,3
1601495957,30/09/2020 19:59,37,199,11.81250381,2,42,16,12,4,1,3
1601496017,30/09/2020 20:00,37,198,92.70027924,6.744744301,42,16,108,13,1,3
1601496077,30/09/2020 20:01,38,196,88.05265808,7.440372467,44,16,105,15,1,3
1601496137,30/09/2020 20:02,37,192,150.9405365,14.2492342,43,15,144,28,2,4
1601496197,30/09/2020 20:03,38,196,116.2312851,10.83424282,44,16,123,22,2,4
1601496257,30/09/2020 20:04,39,195,143.6208191,15.92275524,45,16,140,32,3,7
1601496317,30/09/2020 20:05,39,195,34.50317764,2.145508766,45,16,35,4,1,3
1601496377,30/09/2020 20:06,39,196,49.56444168,4.248250008,45,16,50,8,1,3
1601496437,30/09/2020 20:07,38,196,3,2,44,16,3,4,1,3
1601496557,30/09/2020 20:09,38,191,133.2061157,12.25614166,44,15,133,25,2,6
1601496617,30/09/2020 20:10,39,191,64.14638519,8.877462387,45,15,74,18,5,13
1601496677,30/09/2020 20:11,40,191,5.483112335,2,47,15,5,4,1,3
1601496857,30/09/2020 20:14,40,189,51.57718658,2.986772537,47,15,53,6,1,3
1601496917,30/09/2020 20:15,40,189,58.59677505,3.899013519,47,15,64,8,1,3
1601496977,30/09/2020 20:16,37,191,36.21362305,2.816705704,42,15,36,6,1,3
1601497037,30/09/2020 20:17,41,186,15.49422932,2.056797981,48,15,15,4,1,3
1601497097,30/09/2020 20:18,40,188,9.537288666,2,47,15,10,4,1,3
1601497157,30/09/2020 20:19,42,193,3,2,49,15,3,4,1,3
1601497217,30/09/2020 20:20,42,189,3,2,49,15,3,4,1,3
1601497277,30/09/2020 20:21,41,188,5.34937191,2,48,15,5,4,1,3
1601497337,30/09/2020 20:22,42,187,3,2,49,15,3,4,1,3
1601497457,30/09/2020 20:24,41,189,3,2,48,15,3,4,1,3
1601497517,30/09/2020 20:25,41,185,3,2,48,15,3,4,1,3
1601497577,30/09/2020 20:26,41,192,3.995415688,2,48,15,4,4,1,3
1601497697,30/09/2020 20:28,41,184,3,2,48,15,3,4,1,3
1601497757,30/09/2020 20:29,44,186,3,2,51,15,3,4,1,3
1601497817,30/09/2020 20:30,42,184,27.14639473,3.009052277,49,15,27,6,1,3
1601497877,30/09/2020 20:31,44,183,3,2,51,15,3,4,1,3
1601497937,30/09/2020 20:32,41,183,3,2,48,15,3,4,1,3
1601497997,30/09/2020 20:33,43,182,14.90590763,2,50,15,15,4,1,3
1601498057,30/09/2020 20:34,41,181,3,2,48,14,3,4,1,3
1601498117,30/09/2020 20:35,44,183,5.76986599,2,51,15,6,4,1,3
1601498177,30/09/2020 20:36,45,180,31.96728516,2,52,14,32,4,1,3
1601498237,30/09/2020 20:37,45,182,3,2,52,15,3,4,1,3
1601498297,30/09/2020 20:38,43,181,3,2,50,14,3,4,1,3
1601498357,30/09/2020 20:39,43,181,3,2,50,14,3,4,1,3
1601498417,30/09/2020 20:40,44,180,3,2,51,14,3,4,1,3
1601498477,30/09/2020 20:41,45,178,3,2,52,14,3,4,1,3
1601498537,30/09/2020 20:42,46,180,3,2,52,14,3,4,1,3
1601498597,30/09/2020 20:43,44,179,3,2,51,14,3,4,1,3
1601498657,30/09/2020 20:44,46,177,12.56722164,2,52,14,13,4,1,3
1601498717,30/09/2020 20:45,43,178,3.424672127,2,50,14,3,4,1,3
1601498777,30/09/2020 20:46,44,177,3,2,51,14,3,4,1,3
1601498837,30/09/2020 20:47,46,178,3,2,52,14,3,4,1,3
1601498897,30/09/2020 20:48,45,175,3,2,52,14,3,4,1,3
1601498957,30/09/2020 20:49,46,177,62.45288467,5.679480553,52,14,71,11,1,3
1601499017,30/09/2020 20:50,45,175,3,2,52,14,3,4,1,3
1601499077,30/09/2020 20:51,47,171,38.35701752,2.6796875,54,14,38,5,1,3
1601499137,30/09/2020 20:52,47,171,3,2,53,14,3,4,1,3
1601499197,30/09/2020 20:53,46,176,3,2,53,14,3,4,1,3
1601499257,30/09/2020 20:54,48,174,7.460796356,3.314603806,55,14,7,7,1,3
1601499317,30/09/2020 20:55,48,173,17.68208122,2,54,14,18,4,1,3
1601499377,30/09/2020 20:56,49,170,8.692358017,4.989482403,55,14,9,10,2,6
1601499437,30/09/2020 20:57,48,167,3,2,54,13,3,4,1,3
1601499497,30/09/2020 20:58,51,161,11.53886795,3.202624559,57,13,12,6,1,3
1601499557,30/09/2020 20:59,52,162,3,2,58,13,3,4,1,3
1601499617,30/09/2020 21:00,51,157,6.025084972,2,57,13,6,4,1,3
1601499677,30/09/2020 21:01,54,147,20.45373535,2.184251785,59,12,20,4,1,3
1601499798,30/09/2020 21:03,56,140,3.185213566,2,60,11,3,4,1,3
1601499858,30/09/2020 21:04,58,148,3,2,62,12,3,4,1,3
1601499918,30/09/2020 21:05,56,155,33.73772049,4.054010391,60,12,34,8,1,3
1601499978,30/09/2020 21:06,55,166,5.521589279,2,60,13,6,4,1,3
1601500038,30/09/2020 21:07,54,172,3,2,59,14,3,4,1,3
1601500098,30/09/2020 21:08,55,166,3,2,60,13,3,4,1,3
1601500158,30/09/2020 21:09,54,167,18.37770844,2,59,13,18,4,1,3
1601500218,30/09/2020 21:10,57,165,17.63507462,2,61,13,18,4,1,3
1601500278,30/09/2020 21:11,55,165,35.77188873,2.527860641,60,13,36,5,1,3
1601500338,30/09/2020 21:12,54,167,3,2,59,13,3,4,1,3
1601500398,30/09/2020 21:13,55,171,3.247526646,2,60,14,3,4,1,3
1601500458,30/09/2020 21:14,57,170,3,2,61,14,3,4,1,3
1601500518,30/09/2020 21:15,57,167,3,2,61,13,3,4,1,3
1601500578,30/09/2020 21:16,56,172,3,2,61,14,3,4,1,3
1601500638,30/09/2020 21:17,54,170,3,2,59,14,3,4,1,3
1601500698,30/09/2020 21:18,55,170,3,2,60,14,3,4,1,3
1601500758,30/09/2020 21:19,57,172,3,2,61,14,3,4,1,3
1601500818,30/09/2020 21:20,56,170,3,2,61,14,3,4,1,3
1601500878,30/09/2020 21:21,56,171,3,2,61,14,3,4,1,3
1601500938,30/09/2020 21:22,57,171,8.683681488,2.269412041,62,14,9,5,1,3
1601500998,30/09/2020 21:23,57,167,13.53660679,2.17866993,61,13,14,4,1,3
1601501058,30/09/2020 21:24,57,167,8.146165848,2,62,13,8,4,1,3
1601501118,30/09/2020 21:25,58,169,3,2,62,14,3,4,1,3
1601501178,30/09/2020 21:26,58,166,6.16595602,2.783079624,62,13,6,6,1,3
1601501238,30/09/2020 21:27,58,165,5.212849617,2,62,13,5,4,1,3
1601501298,30/09/2020 21:28,58,165,17.19670486,2,63,13,17,4,1,3
1601501358,30/09/2020 21:29,58,167,3,2,63,13,3,4,1,3
1601501418,30/09/2020 21:30,59,169,3,2,63,14,3,4,1,3
1601501478,30/09/2020 21:31,56,167,3,2,61,13,3,4,1,3
1601501538,30/09/2020 21:32,58,165,18.56207275,2.375766754,62,13,19,5,1,3
1601501598,30/09/2020 21:33,56,167,24.80687904,3.31329155,61,13,25,7,1,3
1601501658,30/09/2020 21:34,55,163,15.79821873,2.195902824,60,13,16,4,1,3
1601501718,30/09/2020 21:35,56,164,3,2,61,13,3,4,1,3
1601501778,30/09/2020 21:36,56,162,12.563941,4.296732903,61,13,13,9,3,8
1601501838,30/09/2020 21:37,54,160,29.99151802,3.037448883,59,13,30,6,1,3
1601501898,30/09/2020 21:38,55,161,3,2,60,13,3,4,1,3
1601501958,30/09/2020 21:39,56,162,3,2,61,13,3,4,1,3
1601502018,30/09/2020 21:40,55,164,3,2,60,13,3,4,1,3
1601502137,30/09/2020 21:42,56,160,18.76934433,2.004998207,60,13,19,4,1,3
1601502197,30/09/2020 21:43,54,159,3,2,59,13,3,4,1,3
1601502257,30/09/2020 21:44,53,160,14.47173595,2,58,13,14,4,1,3
1601502317,30/09/2020 21:45,53,162,3,2,59,13,3,4,1,3
1601502377,30/09/2020 21:46,52,166,17.97519684,2,58,13,18,4,1,3
1601502437,30/09/2020 21:47,53,159,77.14743805,5.94006443,58,13,95,12,1,3
1601502497,30/09/2020 21:48,51,162,14.70571327,3.603819609,57,13,15,7,1,3
1601502557,30/09/2020 21:49,53,164,13.62345982,2,58,13,14,4,1,3
1601502617,30/09/2020 21:50,53,162,8.162372589,2,58,13,8,4,1,3
1601502677,30/09/2020 21:51,53,164,23.62987518,2.919487,58,13,24,6,1,3
1601502737,30/09/2020 21:52,51,160,3,2,57,13,3,4,1,3
1601502797,30/09/2020 21:53,51,163,3,2,57,13,3,4,1,3
1601502857,30/09/2020 21:54,51,161,4.525517464,2,57,13,5,4,1,3
1601502917,30/09/2020 21:55,51,164,10.50488758,2.125905991,57,13,11,4,1,3
1601502977,30/09/2020 21:56,50,161,24.52188492,2.536711693,56,13,25,5,1,3
1601503037,30/09/2020 21:57,52,160,3,2,57,13,3,4,1,3
1601503097,30/09/2020 21:58,54,157,15.56714344,2.707328796,59,13,16,5,1,3
1601503157,30/09/2020 21:59,53,147,9.931032181,2,58,12,10,4,1,3
1601503217,30/09/2020 22:00,54,142,6.821477413,2,59,11,7,4,1,3
1601503277,30/09/2020 22:01,54,141,3,2,59,11,3,4,1,3
1601503337,30/09/2020 22:02,55,140,3.611435175,2,60,11,4,4,1,3
1601503397,30/09/2020 22:03,52,144,3,2,57,12,3,4,1,3
1601503457,30/09/2020 22:04,52,149,3,2,57,12,3,4,1,3
1601503517,30/09/2020 22:05,52,150,24.48495865,2.696251869,57,12,24,5,1,3
1601503577,30/09/2020 22:06,51,153,10.1286068,2.183934212,57,12,10,4,1,3
1601503637,30/09/2020 22:07,53,149,41.49242783,3.498383522,58,12,41,7,1,3
1601503697,30/09/2020 22:08,51,151,11.41507816,2,57,12,11,4,1,3
1601503757,30/09/2020 22:09,48,153,3,2,55,12,3,4,1,3
1601503817,30/09/2020 22:10,50,152,7.410562992,2,56,12,7,4,1,3
1601503877,30/09/2020 22:11,53,154,11.76652431,2,58,12,12,4,1,3
1601503937,30/09/2020 22:12,50,155,17.07115555,2,56,12,17,4,1,3
1601503997,30/09/2020 22:13,50,154,3,2,56,12,3,4,1,3
1601504057,30/09/2020 22:14,51,152,7.341055393,2,56,12,7,4,1,3
1601504117,30/09/2020 22:15,50,157,4.978823185,2,56,13,5,4,1,3
1601504177,30/09/2020 22:16,48,155,12.06562042,2,54,12,12,4,1,3
1601504237,30/09/2020 22:17,49,155,9.970994949,2,55,12,10,4,1,3
1601504297,30/09/2020 22:18,49,154,3,2,55,12,3,4,1,3
1601504357,30/09/2020 22:19,49,157,19.61371613,2,55,13,20,4,1,3
1601504417,30/09/2020 22:20,48,158,3,2,55,13,3,4,1,3
1601504477,30/09/2020 22:21,48,158,46.32050323,5.742237091,54,13,46,11,1,3
1601504537,30/09/2020 22:22,49,157,3,2,55,13,3,4,1,3
1601504597,30/09/2020 22:23,48,160,9.195221901,2,54,13,9,4,1,3
1601504657,30/09/2020 22:24,48,159,23.85541153,2,54,13,24,4,1,3
1601504717,30/09/2020 22:25,48,159,3,2,55,13,3,4,1,3
1601504777,30/09/2020 22:26,48,156,3,2,55,12,3,4,1,3
1601504837,30/09/2020 22:27,48,158,5.170464516,2,54,13,5,4,1,3
1601504897,30/09/2020 22:28,47,159,13.1281023,2,53,13,13,4,1,3
1601505017,30/09/2020 22:30,47,159,7.408013821,2,53,13,7,4,1,3
1601505138,30/09/2020 22:32,46,161,3,2,53,13,3,4,1,3
1601505198,30/09/2020 22:33,46,159,3,2,53,13,3,4,1,3
1601505318,30/09/2020 22:35,45,156,3,2,52,12,3,4,1,3
1601505378,30/09/2020 22:36,45,159,3,2,52,13,3,4,1,3
1601505438,30/09/2020 22:37,45,160,3,2,52,13,3,4,1,3
1601505498,30/09/2020 22:38,44,159,3,2,51,13,3,4,1,3
1601505558,30/09/2020 22:39,45,161,6.835425854,2,52,13,7,4,1,3
1601505678,30/09/2020 22:41,44,159,3,2,51,13,3,4,1,3
1601505738,30/09/2020 22:42,44,164,3,2,51,13,3,4,1,3
1601505798,30/09/2020 22:43,44,162,18.55578613,2,51,13,19,4,1,3
1601505977,30/09/2020 22:46,44,159,3,2,51,13,3,4,1,3
1601506037,30/09/2020 22:47,43,160,3,2,50,13,3,4,1,3
1601506157,30/09/2020 22:49,43,161,3,2,50,13,3,4,1,3
1601506217,30/09/2020 22:50,42,160,3,2,50,13,3,4,1,3
1601506277,30/09/2020 22:51,43,162,3,2,50,13,3,4,1,3
1601506337,30/09/2020 22:52,43,164,3,2,50,13,3,4,1,3
1601506397,30/09/2020 22:53,42,165,3,2,50,13,3,4,1,3
1601506457,30/09/2020 22:54,41,161,3,2,48,13,3,4,1,3
1601506517,30/09/2020 22:55,44,166,3,2,51,13,3,4,1,3
1601506577,30/09/2020 22:56,43,163,3,2,50,13,3,4,1,3
1601506637,30/09/2020 22:57,43,163,10.03744316,2,50,13,10,4,1,3
1601506697,30/09/2020 22:58,44,164,3,2,51,13,3,4,1,3
1601506757,30/09/2020 22:59,44,161,3,2,51,13,3,4,1,3
1601506817,30/09/2020 23:00,45,161,3,2,52,13,3,4,1,3
1601506877,30/09/2020 23:01,43,157,9.943727493,2,50,13,10,4,1,3
1601506937,30/09/2020 23:02,42,160,6.744926929,2,50,13,7,4,1,3
1601506997,30/09/2020 23:03,46,159,9.483650208,2,53,13,9,4,1,3
1601507057,30/09/2020 23:04,42,164,3,2,50,13,3,4,1,3
1601507117,30/09/2020 23:05,44,163,6.966226578,2,51,13,7,4,1,3
1601507177,30/09/2020 23:06,43,164,3,2,50,13,3,4,1,3
1601507237,30/09/2020 23:07,42,164,6.338928699,2.034996033,50,13,6,4,1,3
1601507357,30/09/2020 23:09,44,163,3,2,51,13,3,4,1,3
1601507417,30/09/2020 23:10,45,160,3,2,52,13,3,4,1,3
1601507477,30/09/2020 23:11,43,161,3,2,51,13,3,4,1,3
1601507537,30/09/2020 23:12,43,160,3,2,50,13,3,4,1,3
1601507597,30/09/2020 23:13,44,164,3.002887726,2.002887726,51,13,3,4,1,3
1601507657,30/09/2020 23:14,44,164,25.5383873,3.43896389,51,13,26,7,1,3
1601507717,30/09/2020 23:15,43,164,3,2,50,13,3,4,1,3
1601507777,30/09/2020 23:16,43,162,3.826956511,2,50,13,4,4,1,3
1601507837,30/09/2020 23:17,44,164,3,2,51,13,3,4,1,3
1601507897,30/09/2020 23:18,43,163,3.003927231,2.003927231,50,13,3,4,1,3
1601507957,30/09/2020 23:19,43,165,4.643823624,2.968476772,50,13,5,6,1,3
1601508017,30/09/2020 23:20,43,162,13.76974392,2.449717522,50,13,14,5,1,3
1601508077,30/09/2020 23:21,45,162,14.55629444,5.4389534,52,13,15,11,2,5
1601508137,30/09/2020 23:22,43,163,3,2,50,13,3,4,1,3
1601508197,30/09/2020 23:23,41,162,9.637683868,3.75677681,48,13,10,8,1,4
1601508257,30/09/2020 23:24,43,164,3,2,50,13,3,4,1,3
1601508317,30/09/2020 23:25,43,164,15.31197453,2.515971184,50,13,15,5,1,3
1601508377,30/09/2020 23:26,42,163,3,2,50,13,3,4,1,3
1601508437,30/09/2020 23:27,41,165,5.149612427,2.20897007,48,13,5,4,1,3
1601508497,30/09/2020 23:28,42,162,15.44658184,2.691497803,50,13,15,5,1,3
1601508557,30/09/2020 23:29,41,163,23.55856323,3.185056686,48,13,24,6,1,3
1601508617,30/09/2020 23:30,40,162,3,2,47,13,3,4,1,3
1601508677,30/09/2020 23:31,42,163,3,2,50,13,3,4,1,3
1601508737,30/09/2020 23:32,42,159,3,2,49,13,3,4,1,3
1601508797,30/09/2020 23:33,41,159,3,2,48,13,3,4,1,3
1601508857,30/09/2020 23:34,40,161,3,2,46,13,3,4,1,3
1601508917,30/09/2020 23:35,40,162,3,2,46,13,3,4,1,3
1601508977,30/09/2020 23:36,41,159,3.524752855,2.001342773,48,13,4,4,1,3
1601509157,30/09/2020 23:39,39,161,3,2,45,13,3,4,1,3
1601509217,30/09/2020 23:40,39,159,9.836240768,2,45,13,10,4,1,3
1601509277,30/09/2020 23:41,39,159,3,2,45,13,3,4,1,3
1601509337,30/09/2020 23:42,40,157,7.142068863,2.268135071,47,13,7,5,1,3
1601509397,30/09/2020 23:43,40,156,3,2,46,12,3,4,1,3
1601509457,30/09/2020 23:44,38,159,3,2,43,13,3,4,1,3
1601509517,30/09/2020 23:45,39,159,3,2,45,13,3,4,1,3
1601509577,30/09/2020 23:46,38,159,3,2,43,13,3,4,1,3
1601509637,30/09/2020 23:47,39,161,3,2,45,13,3,4,1,3
1601509697,30/09/2020 23:48,39,160,3,2,45,13,3,4,1,3
1601509757,30/09/2020 23:49,37,161,17.71378326,3.9063766,42,13,18,8,1,4
1601509817,30/09/2020 23:50,37,160,3,2,42,13,3,4,1,3
1601509877,30/09/2020 23:51,38,156,3,2,43,12,3,4,1,3
1601509937,30/09/2020 23:52,39,158,13.17653656,2,45,13,13,4,1,3
1601509997,30/09/2020 23:53,39,159,3.554872513,2.554872513,45,13,4,5,1,3
1601510057,30/09/2020 23:54,37,157,3,2,42,13,3,4,1,3
1601510117,30/09/2020 23:55,37,160,3,2,42,13,3,4,1,3
1601510177,30/09/2020 23:56,39,159,3,2,45,13,3,4,1,3
1601510237,30/09/2020 23:57,37,156,3,2,42,12,3,4,1,3
1601510353,30/09/2020 23:59,36,161,3.432760239,2,41,13,3,4,1,3