timestamp,date,latitude,longitude
1601424130,30/09/2020 00:02,52.242808,0.018875
1601424186,30/09/2020 00:03,52.242808,0.018875
1601424187,30/09/2020 00:03,52.242808,0.018875
1601424203,30/09/2020 00:03,52.242808,0.018875
1601424619,30/09/2020 00:10,52.242808,0.018875
1601425131,30/09/2020 00:18,52.242808,0.018875
1601425418,30/09/2020 00:23,52.242808,0.018875
1601425528,30/09/2020 00:25,52.242808,0.018875
1601425691,30/09/2020 00:28,52.242808,0.018875
1601426140,30/09/2020 00:35,52.242808,0.018875
1601426461,30/09/2020 00:41,52.242808,0.018875
1601426553,30/09/2020 00:42,52.242808,0.018875
1601426565,30/09/2020 00:42,52.242808,0.018875
1601426577,30/09/2020 00:42,52.242808,0.018875
1601427341,30/09/2020 00:55,52.242808,0.018875
1601427488,30/09/2020 00:58,52.242808,0.018875
1601427564,30/09/2020 00:59,52.242808,0.018875
1601428425,30/09/2020 01:13,52.242808,0.018875
1601428684,30/09/2020 01:18,52.242808,0.018875
1601428828,30/09/2020 01:20,52.242808,0.018875
1601429119,30/09/2020 01:25,52.242808,0.018875
1601429150,30/09/2020 01:25,52.242808,0.018875
1601429283,30/09/2020 01:28,52.242808,0.018875
1601429959,30/09/2020 01:39,52.242808,0.018875
1601430503,30/09/2020 01:48,52.242808,0.018875
1601430538,30/09/2020 01:48,52.242808,0.018875
1601430638,30/09/2020 01:50,52.242808,0.018875
1601431223,30/09/2020 02:00,52.242808,0.018875
1601431224,30/09/2020 02:00,52.242808,0.018875
1601432143,30/09/2020 02:15,52.242808,0.018875
1601432348,30/09/2020 02:19,52.242808,0.018875
1601432381,30/09/2020 02:19,52.242808,0.018875
1601432807,30/09/2020 02:26,52.242808,0.018875
1601433012,30/09/2020 02:30,52.242808,0.018875
1601433013,30/09/2020 02:30,52.242808,0.018875
1601434219,30/09/2020 02:50,52.242808,0.018875
1601434277,30/09/2020 02:51,52.242808,0.018875
1601434326,30/09/2020 02:52,52.242808,0.018875
1601434345,30/09/2020 02:52,52.242808,0.018875
1601434800,30/09/2020 03:00,52.242808,0.018875
1601435283,30/09/2020 03:08,52.242808,0.018875
1601435299,30/09/2020 03:08,52.242808,0.018875
1601435419,30/09/2020 03:10,52.242808,0.018875
1601435705,30/09/2020 03:15,52.242808,0.018875
1601435733,30/09/2020 03:15,52.242808,0.018875
1601435898,30/09/2020 03:18,52.242808,0.018875
1601436028,30/09/2020 03:20,52.242808,0.018875
1601436330,30/09/2020 03:25,52.242808,0.018875
1601436739,30/09/2020 03:32,52.242808,0.018875
1601436821,30/09/2020 03:33,52.242808,0.018875
1601436880,30/09/2020 03:34,52.242808,0.018875
1601438184,30/09/2020 03:56,52.242808,0.018875
1601438609,30/09/2020 04:03,52.242808,0.018875
1601438803,30/09/2020 04:06,52.242808,0.018875
1601439144,30/09/2020 04:12,52.242808,0.018875
1601439196,30/09/2020 04:13,52.242808,0.018875
1601439197,30/09/2020 04:13,52.242808,0.018875
1601440480,30/09/2020 04:34,52.242808,0.018875
1601441496,30/09/2020 04:51,52.242808,0.018875
1601441639,30/09/2020 04:53,52.242808,0.018875
1601442075,30/09/2020 05:01,52.242808,0.018875
1601442155,30/09/2020 05:02,52.242808,0.018875
1601442725,30/09/2020 05:12,52.242808,0.018875
1601442939,30/09/2020 05:15,52.242808,0.018875
1601443500,30/09/2020 05:25,52.242808,0.018875
1601443718,30/09/2020 05:28,52.242808,0.018875
1601444359,30/09/2020 05:39,52.242808,0.018875
1601444482,30/09/2020 05:41,52.242808,0.018875
1601445384,30/09/2020 05:56,52.242808,0.018875
1601445641,30/09/2020 06:00,52.242808,0.018875
1601445729,30/09/2020 06:02,52.242808,0.018875
1601446396,30/09/2020 06:13,52.242808,0.018875
1601446523,30/09/2020 06:15,52.242808,0.018875
1601447275,30/09/2020 06:27,52.242808,0.018875
1601447313,30/09/2020 06:28,52.242808,0.018875
1601447343,30/09/2020 06:29,52.242808,0.018875
1601447372,30/09/2020 06:29,52.242808,0.018875
1601447379,30/09/2020 06:29,52.242808,0.018875
1601447496,30/09/2020 06:31,52.242808,0.018875
1601447646,30/09/2020 06:34,52.242808,0.018875
1601447676,30/09/2020 06:34,52.242808,0.018875
1601447682,30/09/2020 06:34,52.242808,0.018875
1601447700,30/09/2020 06:35,52.242808,0.018875
1601447749,30/09/2020 06:35,52.242808,0.018875
1601447917,30/09/2020 06:38,52.242808,0.018875
1601448085,30/09/2020 06:41,52.242808,0.018875
1601448469,30/09/2020 06:47,52.242808,0.018875
1601448577,30/09/2020 06:49,52.242808,0.018875
1601448686,30/09/2020 06:51,52.24281,0.018855
1601448705,30/09/2020 06:51,52.242684,0.019083
1601448707,30/09/2020 06:51,52.242736,0.018906
1601448713,30/09/2020 06:51,52.242796,0.018804
1601448718,30/09/2020 06:51,52.242859,0.018613
1601448741,30/09/2020 06:52,52.242843,0.018635
1601448801,30/09/2020 06:53,52.242765,0.018763
1601448803,30/09/2020 06:53,52.242761,0.01877
1601448804,30/09/2020 06:53,52.242761,0.01877
1601448805,30/09/2020 06:53,52.242761,0.01877
1601448806,30/09/2020 06:53,52.242761,0.01877
1601448811,30/09/2020 06:53,52.242761,0.01877
1601448818,30/09/2020 06:53,52.242761,0.01877
1601448842,30/09/2020 06:54,52.242761,0.01877
1601448868,30/09/2020 06:54,52.242761,0.01877
1601448871,30/09/2020 06:54,52.242816,0.018742
1601448896,30/09/2020 06:54,52.242808,0.018749
1601448912,30/09/2020 06:55,52.242808,0.018749
1601448936,30/09/2020 06:55,52.242777,0.018801
1601448948,30/09/2020 06:55,52.242777,0.018801
1601448951,30/09/2020 06:55,52.24272,0.018705
1601448953,30/09/2020 06:55,52.24272,0.018705
1601449028,30/09/2020 06:57,52.242725,0.01879
1601449044,30/09/2020 06:57,52.242763,0.018768
1601449045,30/09/2020 06:57,52.242763,0.018768
1601449050,30/09/2020 06:57,52.242762,0.018769
1601450809,30/09/2020 07:26,52.24272,0.018785
1601450815,30/09/2020 07:26,52.242838,0.018726
1601450817,30/09/2020 07:26,52.242831,0.01866
1601450820,30/09/2020 07:27,52.242683,0.018633
1601450821,30/09/2020 07:27,52.242837,0.018581
1601450822,30/09/2020 07:27,52.242766,0.018751
1601450823,30/09/2020 07:27,52.242766,0.018751
1601450826,30/09/2020 07:27,52.242784,0.018788
1601450827,30/09/2020 07:27,52.242784,0.018788
1601450828,30/09/2020 07:27,52.242784,0.018788
1601450829,30/09/2020 07:27,52.242789,0.018796
1601450963,30/09/2020 07:29,52.242701,0.018659
1601450965,30/09/2020 07:29,52.242574,0.018633
1601450967,30/09/2020 07:29,52.242401,0.018594
1601450969,30/09/2020 07:29,52.242283,0.018573
1601450971,30/09/2020 07:29,52.242179,0.018572
1601450976,30/09/2020 07:29,52.242084,0.01859
1601451023,30/09/2020 07:30,52.242018,0.018487
1601451025,30/09/2020 07:30,52.241904,0.018489
1601451027,30/09/2020 07:30,52.241783,0.018495
1601451029,30/09/2020 07:30,52.241665,0.018494
1601451031,30/09/2020 07:30,52.241542,0.018515
1601451032,30/09/2020 07:30,52.241454,0.01853
1601451034,30/09/2020 07:30,52.241302,0.018523
1601451036,30/09/2020 07:30,52.241166,0.018494
1601451038,30/09/2020 07:30,52.241028,0.018425
1601451040,30/09/2020 07:30,52.240857,0.018335
1601451042,30/09/2020 07:30,52.240697,0.018218
1601451044,30/09/2020 07:30,52.240514,0.018126
1601451046,30/09/2020 07:30,52.240355,0.018076
1601451047,30/09/2020 07:30,52.240251,0.01806
1601451049,30/09/2020 07:30,52.240076,0.01804
1601451051,30/09/2020 07:30,52.239952,0.018034
1601451053,30/09/2020 07:30,52.23988,0.018098
1601451055,30/09/2020 07:30,52.239823,0.01831
1601451057,30/09/2020 07:30,52.239745,0.018592
1601451058,30/09/2020 07:30,52.239683,0.018784
1601451059,30/09/2020 07:30,52.239622,0.018973
1601451060,30/09/2020 07:31,52.239553,0.019137
1601451061,30/09/2020 07:31,52.239487,0.019321
1601451062,30/09/2020 07:31,52.239419,0.01952
1601451063,30/09/2020 07:31,52.239355,0.019726
1601451064,30/09/2020 07:31,52.23929,0.01992
1601451065,30/09/2020 07:31,52.23923,0.02013
1601451066,30/09/2020 07:31,52.239183,0.020331
1601451067,30/09/2020 07:31,52.239118,0.020533
1601451068,30/09/2020 07:31,52.23907,0.020736
1601451069,30/09/2020 07:31,52.239032,0.020943
1601451070,30/09/2020 07:31,52.238995,0.021142
1601451071,30/09/2020 07:31,52.238969,0.021358
1601451073,30/09/2020 07:31,52.23896,0.02174
1601451074,30/09/2020 07:31,52.238976,0.021947
1601451075,30/09/2020 07:31,52.238972,0.022141
1601451076,30/09/2020 07:31,52.238997,0.022347
1601451077,30/09/2020 07:31,52.239014,0.022587
1601451078,30/09/2020 07:31,52.239048,0.022789
1601451079,30/09/2020 07:31,52.239088,0.022995
1601451081,30/09/2020 07:31,52.239246,0.023371
1601451082,30/09/2020 07:31,52.239316,0.023552
1601451083,30/09/2020 07:31,52.239374,0.023737
1601451084,30/09/2020 07:31,52.23943,0.023929
1601451085,30/09/2020 07:31,52.239487,0.024106
1601451086,30/09/2020 07:31,52.239539,0.02427
1601451087,30/09/2020 07:31,52.239601,0.024439
1601451088,30/09/2020 07:31,52.239686,0.02459
1601451089,30/09/2020 07:31,52.239758,0.024742
1601451091,30/09/2020 07:31,52.23984,0.024994
1601451093,30/09/2020 07:31,52.239896,0.025178
1601451095,30/09/2020 07:31,52.240018,0.025349
1601451096,30/09/2020 07:31,52.240081,0.025456
1601451097,30/09/2020 07:31,52.240159,0.02557
1601451098,30/09/2020 07:31,52.240249,0.025691
1601451099,30/09/2020 07:31,52.240333,0.025816
1601451100,30/09/2020 07:31,52.240415,0.02593
1601451101,30/09/2020 07:31,52.240503,0.026047
1601451102,30/09/2020 07:31,52.240599,0.026186
1601451103,30/09/2020 07:31,52.240691,0.026323
1601451104,30/09/2020 07:31,52.240779,0.026452
1601451105,30/09/2020 07:31,52.24087,0.026588
1601451106,30/09/2020 07:31,52.240955,0.026718
1601451107,30/09/2020 07:31,52.241043,0.026853
1601451108,30/09/2020 07:31,52.241135,0.026982
1601451109,30/09/2020 07:31,52.241224,0.02712
1601451110,30/09/2020 07:31,52.241309,0.027256
1601451111,30/09/2020 07:31,52.241393,0.027395
1601451112,30/09/2020 07:31,52.241478,0.027532
1601451113,30/09/2020 07:31,52.241562,0.027677
1601451114,30/09/2020 07:31,52.241644,0.027819
1601451115,30/09/2020 07:31,52.241723,0.027969
1601451116,30/09/2020 07:31,52.2418,0.028109
1601451117,30/09/2020 07:31,52.241878,0.028245
1601451118,30/09/2020 07:31,52.241953,0.028389
1601451119,30/09/2020 07:31,52.242026,0.028528
1601451120,30/09/2020 07:32,52.242105,0.028679
1601451121,30/09/2020 07:32,52.242182,0.028831
1601451122,30/09/2020 07:32,52.242257,0.028984
1601451123,30/09/2020 07:32,52.24233,0.029138
1601451124,30/09/2020 07:32,52.242395,0.029299
1601451125,30/09/2020 07:32,52.242462,0.029465
1601451126,30/09/2020 07:32,52.242525,0.029635
1601451127,30/09/2020 07:32,52.242592,0.0298
1601451128,30/09/2020 07:32,52.242656,0.029966
1601451129,30/09/2020 07:32,52.242717,0.030128
1601451130,30/09/2020 07:32,52.242782,0.030296
1601451131,30/09/2020 07:32,52.242847,0.030462
1601451132,30/09/2020 07:32,52.24291,0.030628
1601451133,30/09/2020 07:32,52.242977,0.030778
1601451134,30/09/2020 07:32,52.243046,0.030923
1601451135,30/09/2020 07:32,52.243116,0.031089
1601451136,30/09/2020 07:32,52.243181,0.031241
1601451137,30/09/2020 07:32,52.243247,0.031392
1601451138,30/09/2020 07:32,52.243325,0.031553
1601451139,30/09/2020 07:32,52.243403,0.031704
1601451140,30/09/2020 07:32,52.243479,0.031852
1601451141,30/09/2020 07:32,52.243557,0.032004
1601451142,30/09/2020 07:32,52.243636,0.032161
1601451143,30/09/2020 07:32,52.24372,0.032326
1601451144,30/09/2020 07:32,52.24381,0.032501
1601451145,30/09/2020 07:32,52.243903,0.032682
1601451146,30/09/2020 07:32,52.243995,0.032866
1601451147,30/09/2020 07:32,52.244071,0.033065
1601451148,30/09/2020 07:32,52.244173,0.033273
1601451149,30/09/2020 07:32,52.244277,0.033487
1601451150,30/09/2020 07:32,52.244391,0.033709
1601451151,30/09/2020 07:32,52.244506,0.033939
1601451152,30/09/2020 07:32,52.244626,0.034169
1601451153,30/09/2020 07:32,52.244743,0.034396
1601451154,30/09/2020 07:32,52.244864,0.034614
1601451155,30/09/2020 07:32,52.244995,0.034839
1601451156,30/09/2020 07:32,52.245128,0.035045
1601451157,30/09/2020 07:32,52.245245,0.035271
1601451158,30/09/2020 07:32,52.245347,0.035509
1601451159,30/09/2020 07:32,52.245394,0.035776
1601451160,30/09/2020 07:32,52.245453,0.036018
1601451161,30/09/2020 07:32,52.245486,0.036256
1601451162,30/09/2020 07:32,52.245531,0.036524
1601451163,30/09/2020 07:32,52.245547,0.036844
1601451164,30/09/2020 07:32,52.245576,0.037165
1601451165,30/09/2020 07:32,52.24559,0.037466
1601451166,30/09/2020 07:32,52.245601,0.037766
1601451167,30/09/2020 07:32,52.245632,0.037987
1601451168,30/09/2020 07:32,52.245634,0.038268
1601451169,30/09/2020 07:32,52.24569,0.038479
1601451170,30/09/2020 07:32,52.245726,0.038729
1601451171,30/09/2020 07:32,52.245756,0.038913
1601451172,30/09/2020 07:32,52.245822,0.039049
1601451174,30/09/2020 07:32,52.24594,0.039326
1601451176,30/09/2020 07:32,52.245957,0.039653
1601451177,30/09/2020 07:32,52.245962,0.039814
1601451178,30/09/2020 07:32,52.245973,0.040003
1601451179,30/09/2020 07:32,52.245978,0.04022
1601451180,30/09/2020 07:33,52.245987,0.040446
1601451181,30/09/2020 07:33,52.246005,0.040698
1601451182,30/09/2020 07:33,52.246048,0.040948
1601451183,30/09/2020 07:33,52.246086,0.041211
1601451184,30/09/2020 07:33,52.246129,0.041468
1601451185,30/09/2020 07:33,52.246162,0.041741
1601451186,30/09/2020 07:33,52.246217,0.041979
1601451187,30/09/2020 07:33,52.246273,0.042243
1601451188,30/09/2020 07:33,52.246342,0.042502
1601451189,30/09/2020 07:33,52.246433,0.042763
1601451190,30/09/2020 07:33,52.24651,0.043042
1601451191,30/09/2020 07:33,52.246602,0.043275
1601451192,30/09/2020 07:33,52.246706,0.043515
1601451193,30/09/2020 07:33,52.246846,0.043717
1601451194,30/09/2020 07:33,52.246985,0.043885
1601451195,30/09/2020 07:33,52.247128,0.044066
1601451196,30/09/2020 07:33,52.247253,0.044214
1601451197,30/09/2020 07:33,52.247366,0.044353
1601451198,30/09/2020 07:33,52.247479,0.04449
1601451199,30/09/2020 07:33,52.247582,0.044647
1601451200,30/09/2020 07:33,52.247691,0.044788
1601451201,30/09/2020 07:33,52.247795,0.044931
1601451202,30/09/2020 07:33,52.247915,0.045076
1601451203,30/09/2020 07:33,52.24803,0.045182
1601451204,30/09/2020 07:33,52.248159,0.045283
1601451205,30/09/2020 07:33,52.248299,0.045334
1601451206,30/09/2020 07:33,52.248437,0.045376
1601451207,30/09/2020 07:33,52.248584,0.045391
1601451208,30/09/2020 07:33,52.248728,0.045389
1601451209,30/09/2020 07:33,52.248831,0.045339
1601451210,30/09/2020 07:33,52.248942,0.045282
1601451211,30/09/2020 07:33,52.249027,0.045242
1601451212,30/09/2020 07:33,52.249082,0.045103
1601451213,30/09/2020 07:33,52.249128,0.044974
1601451214,30/09/2020 07:33,52.249193,0.044822
1601451215,30/09/2020 07:33,52.249252,0.044681
1601451216,30/09/2020 07:33,52.249302,0.044534
1601451217,30/09/2020 07:33,52.249349,0.044366
1601451218,30/09/2020 07:33,52.249394,0.044182
1601451219,30/09/2020 07:33,52.249418,0.043982
1601451220,30/09/2020 07:33,52.249449,0.043779
1601451221,30/09/2020 07:33,52.249487,0.043575
1601451222,30/09/2020 07:33,52.249524,0.043371
1601451223,30/09/2020 07:33,52.249561,0.043166
1601451224,30/09/2020 07:33,52.2496,0.042958
1601451225,30/09/2020 07:33,52.249639,0.042745
1601451226,30/09/2020 07:33,52.249679,0.042532
1601451227,30/09/2020 07:33,52.24972,0.042307
1601451228,30/09/2020 07:33,52.249762,0.042098
1601451229,30/09/2020 07:33,52.249806,0.041872
1601451230,30/09/2020 07:33,52.249855,0.041642
1601451231,30/09/2020 07:33,52.249897,0.041402
1601451232,30/09/2020 07:33,52.249954,0.04117
1601451233,30/09/2020 07:33,52.250014,0.040949
1601451234,30/09/2020 07:33,52.250091,0.040715
1601451235,30/09/2020 07:33,52.25016,0.040467
1601451236,30/09/2020 07:33,52.250237,0.040221
1601451237,30/09/2020 07:33,52.250326,0.039983
1601451238,30/09/2020 07:33,52.250403,0.039732
1601451239,30/09/2020 07:33,52.250481,0.03947
1601451240,30/09/2020 07:34,52.250575,0.039224
1601451241,30/09/2020 07:34,52.250674,0.038982
1601451242,30/09/2020 07:34,52.250772,0.038742
1601451243,30/09/2020 07:34,52.250885,0.038512
1601451244,30/09/2020 07:34,52.250974,0.038276
1601451245,30/09/2020 07:34,52.251078,0.038032
1601451246,30/09/2020 07:34,52.251193,0.037794
1601451247,30/09/2020 07:34,52.251308,0.037556
1601451248,30/09/2020 07:34,52.251434,0.037327
1601451249,30/09/2020 07:34,52.251557,0.037072
1601451250,30/09/2020 07:34,52.25167,0.036835
1601451251,30/09/2020 07:34,52.251778,0.036595
1601451252,30/09/2020 07:34,52.251892,0.036353
1601451253,30/09/2020 07:34,52.252001,0.036133
1601451254,30/09/2020 07:34,52.252121,0.035915
1601451255,30/09/2020 07:34,52.252236,0.035703
1601451256,30/09/2020 07:34,52.252353,0.035487
1601451257,30/09/2020 07:34,52.252472,0.03528
1601451258,30/09/2020 07:34,52.252593,0.035077
1601451259,30/09/2020 07:34,52.252706,0.034871
1601451260,30/09/2020 07:34,52.252827,0.034666
1601451261,30/09/2020 07:34,52.252945,0.03447
1601451262,30/09/2020 07:34,52.253066,0.034271
1601451263,30/09/2020 07:34,52.253191,0.034072
1601451264,30/09/2020 07:34,52.253313,0.033879
1601451265,30/09/2020 07:34,52.253425,0.033678
1601451266,30/09/2020 07:34,52.253539,0.033476
1601451267,30/09/2020 07:34,52.253648,0.033262
1601451268,30/09/2020 07:34,52.253771,0.033034
1601451269,30/09/2020 07:34,52.25388,0.03282
1601451270,30/09/2020 07:34,52.253988,0.03261
1601451271,30/09/2020 07:34,52.254106,0.032401
1601451272,30/09/2020 07:34,52.254224,0.032195
1601451273,30/09/2020 07:34,52.254329,0.031983
1601451274,30/09/2020 07:34,52.254449,0.031764
1601451275,30/09/2020 07:34,52.254562,0.031554
1601451276,30/09/2020 07:34,52.254682,0.031348
1601451277,30/09/2020 07:34,52.254803,0.031137
1601451278,30/09/2020 07:34,52.254918,0.030927
1601451279,30/09/2020 07:34,52.255052,0.030702
1601451280,30/09/2020 07:34,52.25517,0.030487
1601451281,30/09/2020 07:34,52.25529,0.030273
1601451282,30/09/2020 07:34,52.25543,0.030056
1601451283,30/09/2020 07:34,52.255562,0.029836
1601451284,30/09/2020 07:34,52.25569,0.02963
1601451285,30/09/2020 07:34,52.255811,0.029435
1601451286,30/09/2020 07:34,52.255917,0.029245
1601451287,30/09/2020 07:34,52.256027,0.029074
1601451288,30/09/2020 07:34,52.256141,0.028904
1601451289,30/09/2020 07:34,52.256254,0.028727
1601451290,30/09/2020 07:34,52.256351,0.028577
1601451291,30/09/2020 07:34,52.256466,0.028396
1601451292,30/09/2020 07:34,52.256579,0.02823
1601451293,30/09/2020 07:34,52.256682,0.028079
1601451294,30/09/2020 07:34,52.25678,0.027955
1601451295,30/09/2020 07:34,52.256876,0.02781
1601451296,30/09/2020 07:34,52.256986,0.02767
1601451297,30/09/2020 07:34,52.257089,0.027523
1601451298,30/09/2020 07:34,52.257168,0.027398
1601451299,30/09/2020 07:34,52.25725,0.027292
1601451301,30/09/2020 07:35,52.257383,0.0271
1601451303,30/09/2020 07:35,52.257505,0.026907
1601451307,30/09/2020 07:35,52.257578,0.026793
1601451320,30/09/2020 07:35,52.257659,0.026656
1601451322,30/09/2020 07:35,52.257738,0.026531
1601451324,30/09/2020 07:35,52.257818,0.026388
1601451326,30/09/2020 07:35,52.257919,0.026299
1601451328,30/09/2020 07:35,52.258078,0.026326
1601451329,30/09/2020 07:35,52.258139,0.02642
1601451331,30/09/2020 07:35,52.258256,0.026643
1601451333,30/09/2020 07:35,52.258404,0.02688
1601451334,30/09/2020 07:35,52.258511,0.026951
1601451335,30/09/2020 07:35,52.258611,0.026996
1601451336,30/09/2020 07:35,52.258727,0.027015
1601451337,30/09/2020 07:35,52.258823,0.027004
1601451338,30/09/2020 07:35,52.25892,0.026962
1601451339,30/09/2020 07:35,52.259017,0.026889
1601451340,30/09/2020 07:35,52.25909,0.026815
1601451341,30/09/2020 07:35,52.259157,0.02672
1601451343,30/09/2020 07:35,52.259268,0.026526
1601451345,30/09/2020 07:35,52.259371,0.026388
1601451353,30/09/2020 07:35,52.259461,0.0262
1601451357,30/09/2020 07:35,52.259705,0.026177
1601451359,30/09/2020 07:35,52.259881,0.026334
1601451360,30/09/2020 07:36,52.259982,0.026434
1601451361,30/09/2020 07:36,52.260088,0.026554
1601451362,30/09/2020 07:36,52.260209,0.026672
1601451363,30/09/2020 07:36,52.260339,0.026777
1601451364,30/09/2020 07:36,52.26048,0.026909
1601451365,30/09/2020 07:36,52.260628,0.027051
1601451366,30/09/2020 07:36,52.260782,0.027194
1601451367,30/09/2020 07:36,52.260933,0.027343
1601451368,30/09/2020 07:36,52.261083,0.027493
1601451369,30/09/2020 07:36,52.26122,0.027643
1601451370,30/09/2020 07:36,52.261368,0.02779
1601451371,30/09/2020 07:36,52.261516,0.027933
1601451372,30/09/2020 07:36,52.261658,0.028073
1601451373,30/09/2020 07:36,52.261802,0.028206
1601451374,30/09/2020 07:36,52.261954,0.028355
1601451375,30/09/2020 07:36,52.262103,0.028496
1601451376,30/09/2020 07:36,52.262252,0.028631
1601451377,30/09/2020 07:36,52.262409,0.028779
1601451378,30/09/2020 07:36,52.262565,0.02891
1601451379,30/09/2020 07:36,52.262725,0.029038
1601451380,30/09/2020 07:36,52.262891,0.029179
1601451381,30/09/2020 07:36,52.263045,0.02932
1601451382,30/09/2020 07:36,52.26321,0.029451
1601451383,30/09/2020 07:36,52.26338,0.029588
1601451384,30/09/2020 07:36,52.263544,0.029722
1601451385,30/09/2020 07:36,52.263706,0.029867
1601451386,30/09/2020 07:36,52.263874,0.029998
1601451387,30/09/2020 07:36,52.264048,0.030131
1601451388,30/09/2020 07:36,52.264215,0.030271
1601451389,30/09/2020 07:36,52.264387,0.030406
1601451390,30/09/2020 07:36,52.264566,0.030536
1601451391,30/09/2020 07:36,52.264743,0.03067
1601451392,30/09/2020 07:36,52.264919,0.030786
1601451393,30/09/2020 07:36,52.265084,0.030906
1601451394,30/09/2020 07:36,52.265285,0.030998
1601451395,30/09/2020 07:36,52.265481,0.031103
1601451396,30/09/2020 07:36,52.265664,0.03122
1601451397,30/09/2020 07:36,52.265861,0.031318
1601451398,30/09/2020 07:36,52.266053,0.031434
1601451399,30/09/2020 07:36,52.26625,0.03154
1601451400,30/09/2020 07:36,52.26643,0.031663
1601451401,30/09/2020 07:36,52.266626,0.031776
1601451402,30/09/2020 07:36,52.266815,0.0319
1601451403,30/09/2020 07:36,52.266999,0.032044
1601451404,30/09/2020 07:36,52.267175,0.032188
1601451405,30/09/2020 07:36,52.267351,0.032339
1601451406,30/09/2020 07:36,52.267536,0.032496
1601451407,30/09/2020 07:36,52.267725,0.032639
1601451408,30/09/2020 07:36,52.267916,0.032791
1601451409,30/09/2020 07:36,52.268111,0.032931
1601451410,30/09/2020 07:36,52.268281,0.033085
1601451411,30/09/2020 07:36,52.268469,0.033241
1601451412,30/09/2020 07:36,52.268655,0.03338
1601451413,30/09/2020 07:36,52.268837,0.033524
1601451414,30/09/2020 07:36,52.269025,0.033673
1601451415,30/09/2020 07:36,52.269208,0.033837
1601451416,30/09/2020 07:36,52.269395,0.033976
1601451417,30/09/2020 07:36,52.269585,0.034123
1601451418,30/09/2020 07:36,52.269774,0.034266
1601451419,30/09/2020 07:36,52.269946,0.034416
1601451420,30/09/2020 07:37,52.270116,0.034559
1601451421,30/09/2020 07:37,52.270308,0.0347
1601451422,30/09/2020 07:37,52.270496,0.034843
1601451423,30/09/2020 07:37,52.270672,0.035008
1601451424,30/09/2020 07:37,52.270819,0.035169
1601451425,30/09/2020 07:37,52.270992,0.035308
1601451426,30/09/2020 07:37,52.271154,0.035424
1601451427,30/09/2020 07:37,52.271321,0.035576
1601451428,30/09/2020 07:37,52.271489,0.035714
1601451429,30/09/2020 07:37,52.271656,0.035853
1601451430,30/09/2020 07:37,52.271808,0.035983
1601451431,30/09/2020 07:37,52.271953,0.036137
1601451432,30/09/2020 07:37,52.272103,0.036303
1601451433,30/09/2020 07:37,52.272235,0.036479
1601451434,30/09/2020 07:37,52.272382,0.036611
1601451435,30/09/2020 07:37,52.272526,0.036754
1601451436,30/09/2020 07:37,52.272664,0.036879
1601451437,30/09/2020 07:37,52.27279,0.03702
1601451438,30/09/2020 07:37,52.272929,0.037138
1601451439,30/09/2020 07:37,52.273066,0.037249
1601451440,30/09/2020 07:37,52.273192,0.037336
1601451441,30/09/2020 07:37,52.273313,0.037377
1601451442,30/09/2020 07:37,52.273418,0.037374
1601451443,30/09/2020 07:37,52.273525,0.037357
1601451446,30/09/2020 07:37,52.273743,0.037381
1601451448,30/09/2020 07:37,52.273764,0.037591
1601451450,30/09/2020 07:37,52.273687,0.037805
1601451452,30/09/2020 07:37,52.273615,0.038073
1601451454,30/09/2020 07:37,52.273608,0.038356
1601451456,30/09/2020 07:37,52.273793,0.038575
1601451457,30/09/2020 07:37,52.273886,0.038667
1601451458,30/09/2020 07:37,52.273989,0.038764
1601451459,30/09/2020 07:37,52.274093,0.038862
1601451460,30/09/2020 07:37,52.274211,0.038977
1601451461,30/09/2020 07:37,52.274352,0.039103
1601451462,30/09/2020 07:37,52.274506,0.039214
1601451463,30/09/2020 07:37,52.274653,0.039337
1601451464,30/09/2020 07:37,52.274794,0.039436
1601451465,30/09/2020 07:37,52.274952,0.03954
1601451466,30/09/2020 07:37,52.275104,0.039627
1601451467,30/09/2020 07:37,52.27526,0.039701
1601451468,30/09/2020 07:37,52.275421,0.039769
1601451469,30/09/2020 07:37,52.275573,0.039833
1601451470,30/09/2020 07:37,52.275731,0.03989
1601451471,30/09/2020 07:37,52.275897,0.039936
1601451472,30/09/2020 07:37,52.276076,0.039943
1601451473,30/09/2020 07:37,52.276232,0.039957
1601451474,30/09/2020 07:37,52.276418,0.039974
1601451475,30/09/2020 07:37,52.276594,0.040018
1601451476,30/09/2020 07:37,52.27678,0.040023
1601451477,30/09/2020 07:37,52.276954,0.040018
1601451478,30/09/2020 07:37,52.27714,0.040048
1601451479,30/09/2020 07:37,52.277314,0.04008
1601451480,30/09/2020 07:38,52.277499,0.040107
1601451481,30/09/2020 07:38,52.277683,0.040131
1601451482,30/09/2020 07:38,52.277869,0.040148
1601451483,30/09/2020 07:38,52.278054,0.040156
1601451484,30/09/2020 07:38,52.27824,0.040162
1601451485,30/09/2020 07:38,52.278418,0.040165
1601451486,30/09/2020 07:38,52.278593,0.040157
1601451487,30/09/2020 07:38,52.278778,0.040133
1601451488,30/09/2020 07:38,52.278955,0.040111
1601451489,30/09/2020 07:38,52.27912,0.040082
1601451490,30/09/2020 07:38,52.279288,0.040054
1601451491,30/09/2020 07:38,52.279458,0.040011
1601451492,30/09/2020 07:38,52.279622,0.039967
1601451493,30/09/2020 07:38,52.279797,0.039895
1601451494,30/09/2020 07:38,52.279952,0.039843
1601451495,30/09/2020 07:38,52.280091,0.039785
1601451496,30/09/2020 07:38,52.280243,0.039726
1601451497,30/09/2020 07:38,52.280391,0.039659
1601451498,30/09/2020 07:38,52.280558,0.039583
1601451499,30/09/2020 07:38,52.280717,0.039518
1601451500,30/09/2020 07:38,52.280868,0.039483
1601451501,30/09/2020 07:38,52.280989,0.039477
1601451502,30/09/2020 07:38,52.281148,0.039478
1601451503,30/09/2020 07:38,52.281292,0.03953
1601451504,30/09/2020 07:38,52.281427,0.039585
1601451505,30/09/2020 07:38,52.281544,0.039656
1601451506,30/09/2020 07:38,52.281643,0.039732
1601451507,30/09/2020 07:38,52.281737,0.03977
1601451508,30/09/2020 07:38,52.281815,0.039762
1601451511,30/09/2020 07:38,52.282024,0.039793
1601451514,30/09/2020 07:38,52.282081,0.040143
1601451516,30/09/2020 07:38,52.282104,0.040446
1601451517,30/09/2020 07:38,52.28213,0.040604
1601451518,30/09/2020 07:38,52.282161,0.040779
1601451519,30/09/2020 07:38,52.282214,0.040976
1601451520,30/09/2020 07:38,52.282287,0.041179
1601451521,30/09/2020 07:38,52.28233,0.041365
1601451522,30/09/2020 07:38,52.282356,0.041569
1601451523,30/09/2020 07:38,52.28238,0.041766
1601451524,30/09/2020 07:38,52.282406,0.041966
1601451525,30/09/2020 07:38,52.282448,0.042145
1601451526,30/09/2020 07:38,52.282492,0.042314
1601451527,30/09/2020 07:38,52.282537,0.042495
1601451528,30/09/2020 07:38,52.28258,0.042691
1601451529,30/09/2020 07:38,52.282621,0.042847
1601451530,30/09/2020 07:38,52.282666,0.042994
1601451531,30/09/2020 07:38,52.282702,0.043133
1601451532,30/09/2020 07:38,52.282738,0.043282
1601451533,30/09/2020 07:38,52.282773,0.043413
1601451535,30/09/2020 07:38,52.282839,0.043673
1601451537,30/09/2020 07:38,52.282884,0.043896
1601451539,30/09/2020 07:38,52.282912,0.044054
1601451541,30/09/2020 07:39,52.282938,0.044139
1601451544,30/09/2020 07:39,52.283054,0.044222
1601451546,30/09/2020 07:39,52.283128,0.044209
1601451548,30/09/2020 07:39,52.283277,0.044126
1601451550,30/09/2020 07:39,52.28341,0.044076
1601451552,30/09/2020 07:39,52.283556,0.044016
1601451554,30/09/2020 07:39,52.283704,0.044007
1601451556,30/09/2020 07:39,52.28387,0.043983
1601451558,30/09/2020 07:39,52.283978,0.043979
1601451561,30/09/2020 07:39,52.28407,0.043898
1601451568,30/09/2020 07:39,52.284158,0.043778
1601451683,30/09/2020 07:41,52.284099,0.043901
1601451689,30/09/2020 07:41,52.284049,0.043994
1601451690,30/09/2020 07:41,52.284012,0.044029
1601451691,30/09/2020 07:41,52.283972,0.044053
1601451695,30/09/2020 07:41,52.283674,0.044126
1601451696,30/09/2020 07:41,52.283589,0.044129
1601451697,30/09/2020 07:41,52.283515,0.044153
1601451699,30/09/2020 07:41,52.283367,0.044189
1601451701,30/09/2020 07:41,52.28321,0.04423
1601451703,30/09/2020 07:41,52.283092,0.044256
1601451719,30/09/2020 07:41,52.282986,0.044228
1601451721,30/09/2020 07:42,52.28294,0.044052
1601451723,30/09/2020 07:42,52.282906,0.043833
1601451725,30/09/2020 07:42,52.282851,0.043607
1601451726,30/09/2020 07:42,52.282799,0.043477
1601451727,30/09/2020 07:42,52.282751,0.043348
1601451729,30/09/2020 07:42,52.282675,0.043121
1601451731,30/09/2020 07:42,52.282607,0.042905
1601451733,30/09/2020 07:42,52.28254,0.042673
1601451735,30/09/2020 07:42,52.282482,0.04243
1601451736,30/09/2020 07:42,52.282457,0.042299
1601451738,30/09/2020 07:42,52.282404,0.042011
1601451739,30/09/2020 07:42,52.282385,0.041859
1601451741,30/09/2020 07:42,52.282339,0.041557
1601451742,30/09/2020 07:42,52.282308,0.041406
1601451744,30/09/2020 07:42,52.282232,0.041121
1601451745,30/09/2020 07:42,52.282192,0.040956
1601451746,30/09/2020 07:42,52.282144,0.040795
1601451747,30/09/2020 07:42,52.282102,0.040624
1601451748,30/09/2020 07:42,52.282053,0.040473
1601451749,30/09/2020 07:42,52.282019,0.040328
1601451751,30/09/2020 07:42,52.281887,0.04012
1601451754,30/09/2020 07:42,52.2816,0.039771
1601451755,30/09/2020 07:42,52.281499,0.039684
1601451756,30/09/2020 07:42,52.281394,0.039603
1601451757,30/09/2020 07:42,52.281262,0.039562
1601451758,30/09/2020 07:42,52.281145,0.039549
1601451759,30/09/2020 07:42,52.281014,0.039529
1601451760,30/09/2020 07:42,52.28086,0.039538
1601451761,30/09/2020 07:42,52.280708,0.039579
1601451762,30/09/2020 07:42,52.280566,0.039639
1601451763,30/09/2020 07:42,52.28041,0.039702
1601451764,30/09/2020 07:42,52.280248,0.039784
1601451765,30/09/2020 07:42,52.280091,0.039851
1601451766,30/09/2020 07:42,52.279928,0.039911
1601451767,30/09/2020 07:42,52.279759,0.03997
1601451768,30/09/2020 07:42,52.279584,0.040024
1601451769,30/09/2020 07:42,52.279405,0.040069
1601451770,30/09/2020 07:42,52.279222,0.040113
1601451771,30/09/2020 07:42,52.279042,0.040144
1601451772,30/09/2020 07:42,52.278856,0.040178
1601451773,30/09/2020 07:42,52.278673,0.040208
1601451774,30/09/2020 07:42,52.278495,0.040226
1601451775,30/09/2020 07:42,52.278307,0.04025
1601451776,30/09/2020 07:42,52.278116,0.040272
1601451777,30/09/2020 07:42,52.277938,0.040274
1601451778,30/09/2020 07:42,52.27775,0.040267
1601451779,30/09/2020 07:42,52.277569,0.040263
1601451780,30/09/2020 07:43,52.277391,0.04033
1601451781,30/09/2020 07:43,52.277214,0.040297
1601451782,30/09/2020 07:43,52.27704,0.040262
1601451783,30/09/2020 07:43,52.27688,0.040217
1601451784,30/09/2020 07:43,52.276707,0.040186
1601451785,30/09/2020 07:43,52.276537,0.040143
1601451786,30/09/2020 07:43,52.276365,0.040115
1601451787,30/09/2020 07:43,52.276191,0.040098
1601451788,30/09/2020 07:43,52.276024,0.040078
1601451789,30/09/2020 07:43,52.27588,0.040036
1601451790,30/09/2020 07:43,52.275718,0.040006
1601451791,30/09/2020 07:43,52.275584,0.039962
1601451792,30/09/2020 07:43,52.275426,0.039892
1601451793,30/09/2020 07:43,52.275254,0.039824
1601451794,30/09/2020 07:43,52.275112,0.039757
1601451795,30/09/2020 07:43,52.27497,0.039687
1601451796,30/09/2020 07:43,52.274823,0.039604
1601451797,30/09/2020 07:43,52.274684,0.039501
1601451798,30/09/2020 07:43,52.274518,0.03941
1601451799,30/09/2020 07:43,52.274402,0.039302
1601451800,30/09/2020 07:43,52.274264,0.039189
1601451801,30/09/2020 07:43,52.274136,0.039075
1601451802,30/09/2020 07:43,52.274014,0.038957
1601451803,30/09/2020 07:43,52.273898,0.038831
1601451804,30/09/2020 07:43,52.273788,0.038702
1601451805,30/09/2020 07:43,52.273706,0.038561
1601451806,30/09/2020 07:43,52.273639,0.038403
1601451808,30/09/2020 07:43,52.273573,0.038093
1601451809,30/09/2020 07:43,52.273558,0.037944
1601451810,30/09/2020 07:43,52.273525,0.037795
1601451812,30/09/2020 07:43,52.27335,0.03755
1601451813,30/09/2020 07:43,52.273243,0.037437
1601451814,30/09/2020 07:43,52.273122,0.037341
1601451815,30/09/2020 07:43,52.273004,0.037234
1601451816,30/09/2020 07:43,52.272867,0.037119
1601451817,30/09/2020 07:43,52.272731,0.036986
1601451818,30/09/2020 07:43,52.2726,0.036854
1601451819,30/09/2020 07:43,52.272474,0.036718
1601451820,30/09/2020 07:43,52.272343,0.036584
1601451821,30/09/2020 07:43,52.272198,0.036451
1601451822,30/09/2020 07:43,52.272068,0.036312
1601451823,30/09/2020 07:43,52.271934,0.036175
1601451824,30/09/2020 07:43,52.271801,0.036046
1601451825,30/09/2020 07:43,52.271649,0.035914
1601451826,30/09/2020 07:43,52.271505,0.035798
1601451827,30/09/2020 07:43,52.271349,0.035658
1601451828,30/09/2020 07:43,52.271192,0.035531
1601451829,30/09/2020 07:43,52.271039,0.035396
1601451830,30/09/2020 07:43,52.270872,0.035266
1601451831,30/09/2020 07:43,52.270717,0.035139
1601451832,30/09/2020 07:43,52.270554,0.035009
1601451833,30/09/2020 07:43,52.270399,0.03488
1601451834,30/09/2020 07:43,52.27024,0.034757
1601451835,30/09/2020 07:43,52.270084,0.034632
1601451836,30/09/2020 07:43,52.269929,0.03449
1601451837,30/09/2020 07:43,52.269765,0.034358
1601451838,30/09/2020 07:43,52.269612,0.03423
1601451839,30/09/2020 07:43,52.269457,0.034085
1601451840,30/09/2020 07:44,52.269295,0.033944
1601451841,30/09/2020 07:44,52.269132,0.033818
1601451842,30/09/2020 07:44,52.268965,0.03369
1601451843,30/09/2020 07:44,52.268801,0.033553
1601451844,30/09/2020 07:44,52.268641,0.033425
1601451845,30/09/2020 07:44,52.268474,0.033286
1601451846,30/09/2020 07:44,52.268307,0.033154
1601451847,30/09/2020 07:44,52.268145,0.033018
1601451848,30/09/2020 07:44,52.267981,0.032884
1601451849,30/09/2020 07:44,52.267825,0.032756
1601451850,30/09/2020 07:44,52.267672,0.032612
1601451851,30/09/2020 07:44,52.267508,0.032487
1601451852,30/09/2020 07:44,52.267336,0.032358
1601451853,30/09/2020 07:44,52.267158,0.032211
1601451854,30/09/2020 07:44,52.266989,0.032077
1601451855,30/09/2020 07:44,52.266819,0.031945
1601451856,30/09/2020 07:44,52.266653,0.031827
1601451857,30/09/2020 07:44,52.266476,0.031724
1601451858,30/09/2020 07:44,52.266293,0.031621
1601451859,30/09/2020 07:44,52.266105,0.031524
1601451860,30/09/2020 07:44,52.26593,0.031416
1601451861,30/09/2020 07:44,52.265733,0.031303
1601451862,30/09/2020 07:44,52.265556,0.03119
1601451863,30/09/2020 07:44,52.265375,0.031077
1601451864,30/09/2020 07:44,52.265192,0.030964
1601451865,30/09/2020 07:44,52.265008,0.03085
1601451866,30/09/2020 07:44,52.264823,0.03074
1601451867,30/09/2020 07:44,52.264647,0.030625
1601451868,30/09/2020 07:44,52.264469,0.030496
1601451869,30/09/2020 07:44,52.264299,0.030375
1601451870,30/09/2020 07:44,52.264114,0.030252
1601451871,30/09/2020 07:44,52.263956,0.030084
1601451872,30/09/2020 07:44,52.263767,0.029956
1601451873,30/09/2020 07:44,52.263599,0.029806
1601451874,30/09/2020 07:44,52.263448,0.02969
1601451875,30/09/2020 07:44,52.263272,0.029561
1601451876,30/09/2020 07:44,52.263104,0.029421
1601451877,30/09/2020 07:44,52.262924,0.029296
1601451878,30/09/2020 07:44,52.262756,0.029157
1601451879,30/09/2020 07:44,52.26261,0.029009
1601451880,30/09/2020 07:44,52.262449,0.028865
1601451881,30/09/2020 07:44,52.262307,0.028732
1601451882,30/09/2020 07:44,52.262174,0.02859
1601451883,30/09/2020 07:44,52.262048,0.028464
1601451884,30/09/2020 07:44,52.26191,0.028326
1601451885,30/09/2020 07:44,52.261764,0.028201
1601451886,30/09/2020 07:44,52.261644,0.028081
1601451887,30/09/2020 07:44,52.261512,0.027973
1601451888,30/09/2020 07:44,52.261385,0.027868
1601451889,30/09/2020 07:44,52.261257,0.027763
1601451890,30/09/2020 07:44,52.261129,0.027659
1601451891,30/09/2020 07:44,52.261005,0.027563
1601451892,30/09/2020 07:44,52.260874,0.027459
1601451893,30/09/2020 07:44,52.26076,0.027362
1601451894,30/09/2020 07:44,52.260655,0.027273
1601451895,30/09/2020 07:44,52.260546,0.027177
1601451896,30/09/2020 07:44,52.260449,0.027086
1601451897,30/09/2020 07:44,52.260359,0.027003
1601451898,30/09/2020 07:44,52.260261,0.026917
1601451899,30/09/2020 07:44,52.260182,0.026862
1601451900,30/09/2020 07:45,52.260098,0.026787
1601451902,30/09/2020 07:45,52.259955,0.026656
1601451904,30/09/2020 07:45,52.259836,0.026551
1601451907,30/09/2020 07:45,52.259723,0.026457
1601451930,30/09/2020 07:45,52.259638,0.026353
1601451932,30/09/2020 07:45,52.259529,0.026274
1601451934,30/09/2020 07:45,52.25941,0.026163
1601451935,30/09/2020 07:45,52.259325,0.026104
1601451936,30/09/2020 07:45,52.259246,0.026022
1601451937,30/09/2020 07:45,52.259155,0.025939
1601451938,30/09/2020 07:45,52.259057,0.025857
1601451939,30/09/2020 07:45,52.258971,0.025759
1601451940,30/09/2020 07:45,52.258873,0.025686
1601451941,30/09/2020 07:45,52.258776,0.025575
1601451942,30/09/2020 07:45,52.258675,0.02547
1601451943,30/09/2020 07:45,52.258552,0.025338
1601451944,30/09/2020 07:45,52.258468,0.025246
1601451945,30/09/2020 07:45,52.258368,0.025126
1601451946,30/09/2020 07:45,52.258267,0.025023
1601451947,30/09/2020 07:45,52.258173,0.024928
1601451949,30/09/2020 07:45,52.258005,0.024832
1601451951,30/09/2020 07:45,52.257819,0.024833
1601451952,30/09/2020 07:45,52.257707,0.024837
1601451953,30/09/2020 07:45,52.257585,0.024845
1601451954,30/09/2020 07:45,52.257471,0.024815
1601451955,30/09/2020 07:45,52.257358,0.024759
1601451956,30/09/2020 07:45,52.257258,0.02465
1601451957,30/09/2020 07:45,52.257173,0.024554
1601451958,30/09/2020 07:45,52.257087,0.024443
1601451959,30/09/2020 07:45,52.256995,0.024337
1601451960,30/09/2020 07:46,52.256907,0.024217
1601451962,30/09/2020 07:46,52.256787,0.023924
1601451964,30/09/2020 07:46,52.256673,0.023625
1601451965,30/09/2020 07:46,52.256591,0.023505
1601451967,30/09/2020 07:46,52.25639,0.023374
1601451968,30/09/2020 07:46,52.256273,0.023358
1601451969,30/09/2020 07:46,52.256168,0.023362
1601451970,30/09/2020 07:46,52.256051,0.023384
1601451972,30/09/2020 07:46,52.25585,0.023465
1601451974,30/09/2020 07:46,52.255706,0.02359
1601451976,30/09/2020 07:46,52.255646,0.023714
1601451978,30/09/2020 07:46,52.255589,0.023916
1601451980,30/09/2020 07:46,52.255496,0.024093
1601451982,30/09/2020 07:46,52.255346,0.02414
1601451984,30/09/2020 07:46,52.255207,0.02407
1601451986,30/09/2020 07:46,52.255088,0.023878
1601451988,30/09/2020 07:46,52.255026,0.023607
1601451989,30/09/2020 07:46,52.25508,0.023437
1601451990,30/09/2020 07:46,52.255085,0.023272
1601451992,30/09/2020 07:46,52.255058,0.022973
1601451993,30/09/2020 07:46,52.255035,0.022823
1601451994,30/09/2020 07:46,52.255023,0.022657
1601451995,30/09/2020 07:46,52.255016,0.022503
1601451997,30/09/2020 07:46,52.255011,0.022178
1601451999,30/09/2020 07:46,52.255016,0.021864
1601452001,30/09/2020 07:46,52.255073,0.021536
1601452002,30/09/2020 07:46,52.25515,0.021372
1601452003,30/09/2020 07:46,52.255197,0.021209
1601452004,30/09/2020 07:46,52.255248,0.021056
1601452005,30/09/2020 07:46,52.255295,0.020903
1601452006,30/09/2020 07:46,52.255352,0.02074
1601452007,30/09/2020 07:46,52.255394,0.020581
1601452009,30/09/2020 07:46,52.255392,0.020296
1601452011,30/09/2020 07:46,52.255339,0.020042
1601452013,30/09/2020 07:46,52.255245,0.019863
1601452015,30/09/2020 07:46,52.255103,0.019776
1601452017,30/09/2020 07:46,52.254962,0.019754
1601452018,30/09/2020 07:46,52.254898,0.019806
1601452021,30/09/2020 07:47,52.254718,0.020022
1601452023,30/09/2020 07:47,52.254624,0.02021
1601452025,30/09/2020 07:47,52.254527,0.020393
1601452027,30/09/2020 07:47,52.254417,0.020515
1601452030,30/09/2020 07:47,52.254274,0.02061
1601452033,30/09/2020 07:47,52.254192,0.020617
1601452096,30/09/2020 07:48,52.254097,0.020686
1601452661,30/09/2020 07:57,52.253932,0.020766
1601452706,30/09/2020 07:58,52.253969,0.020498
1601452711,30/09/2020 07:58,52.254071,0.020296
1601452717,30/09/2020 07:58,52.25418,0.020279
1601452720,30/09/2020 07:58,52.254381,0.020371
1601452722,30/09/2020 07:58,52.254487,0.020277
1601452723,30/09/2020 07:58,52.254535,0.020203
1601452726,30/09/2020 07:58,52.254642,0.019989
1601452729,30/09/2020 07:58,52.254673,0.019835
1601452737,30/09/2020 07:58,52.254704,0.01974
1601452739,30/09/2020 07:58,52.254773,0.019597
1601452740,30/09/2020 07:59,52.254814,0.01955
1601452742,30/09/2020 07:59,52.254928,0.01957
1601452744,30/09/2020 07:59,52.255038,0.019605
1601452746,30/09/2020 07:59,52.255167,0.019645
1601452748,30/09/2020 07:59,52.255288,0.019715
1601452750,30/09/2020 07:59,52.255407,0.019787
1601452752,30/09/2020 07:59,52.25553,0.019791
1601452755,30/09/2020 07:59,52.25568,0.019984
1601452757,30/09/2020 07:59,52.255613,0.020141
1601452759,30/09/2020 07:59,52.255543,0.02031
1601452760,30/09/2020 07:59,52.255494,0.020447
1601452762,30/09/2020 07:59,52.25541,0.020727
1601452763,30/09/2020 07:59,52.255365,0.020875
1601452765,30/09/2020 07:59,52.255301,0.021092
1601452767,30/09/2020 07:59,52.255248,0.021362
1601452769,30/09/2020 07:59,52.255177,0.021576
1601452771,30/09/2020 07:59,52.255151,0.021722
1601452775,30/09/2020 07:59,52.255123,0.021925
1601452783,30/09/2020 07:59,52.255124,0.022071
1601452788,30/09/2020 07:59,52.255118,0.022206
1601452798,30/09/2020 07:59,52.255093,0.022355
1601452812,30/09/2020 08:00,52.255055,0.022511
1601452814,30/09/2020 08:00,52.255077,0.022682
1601452817,30/09/2020 08:00,52.255127,0.02291
1601452819,30/09/2020 08:00,52.255168,0.023075
1601452821,30/09/2020 08:00,52.255239,0.02324
1601452823,30/09/2020 08:00,52.255358,0.023301
1601452826,30/09/2020 08:00,52.255587,0.023382
1601452827,30/09/2020 08:00,52.255692,0.0234
1601452828,30/09/2020 08:00,52.255779,0.023363
1601452829,30/09/2020 08:00,52.255871,0.023313
1601452830,30/09/2020 08:00,52.255965,0.023263
1601452832,30/09/2020 08:00,52.256148,0.023241
1601452833,30/09/2020 08:00,52.256253,0.023237
1601452834,30/09/2020 08:00,52.256357,0.023234
1601452835,30/09/2020 08:00,52.256452,0.02324
1601452837,30/09/2020 08:00,52.256591,0.023307
1601452839,30/09/2020 08:00,52.256676,0.023314
1601452842,30/09/2020 08:00,52.256821,0.023337
1601452845,30/09/2020 08:00,52.257013,0.023201
1601452847,30/09/2020 08:00,52.257178,0.023113
1601452848,30/09/2020 08:00,52.257271,0.023132
1601452849,30/09/2020 08:00,52.257363,0.023185
1601452851,30/09/2020 08:00,52.257513,0.023387
1601452852,30/09/2020 08:00,52.25758,0.023493
1601452853,30/09/2020 08:00,52.257665,0.02357
1601452854,30/09/2020 08:00,52.257729,0.023683
1601452855,30/09/2020 08:00,52.25779,0.023792
1601452856,30/09/2020 08:00,52.257847,0.023904
1601452858,30/09/2020 08:00,52.257913,0.024199
1601452861,30/09/2020 08:01,52.258051,0.024617
1601452862,30/09/2020 08:01,52.258155,0.024713
1601452863,30/09/2020 08:01,52.258262,0.024832
1601452864,30/09/2020 08:01,52.258354,0.02495
1601452865,30/09/2020 08:01,52.258435,0.025042
1601452866,30/09/2020 08:01,52.258526,0.025159
1601452867,30/09/2020 08:01,52.258631,0.025258
1601452868,30/09/2020 08:01,52.258693,0.025379
1601452869,30/09/2020 08:01,52.258792,0.025492
1601452870,30/09/2020 08:01,52.258883,0.025583
1601452871,30/09/2020 08:01,52.25898,0.02566
1601452873,30/09/2020 08:01,52.259126,0.025782
1601452875,30/09/2020 08:01,52.25922,0.025863
1601452898,30/09/2020 08:01,52.259332,0.025987
1601452900,30/09/2020 08:01,52.259429,0.026112
1601452902,30/09/2020 08:01,52.259431,0.026311
1601452903,30/09/2020 08:01,52.259387,0.026433
1601452905,30/09/2020 08:01,52.259276,0.026672
1601452906,30/09/2020 08:01,52.259203,0.02678
1601452907,30/09/2020 08:01,52.259117,0.026882
1601452908,30/09/2020 08:01,52.259029,0.026957
1601452909,30/09/2020 08:01,52.258939,0.027016
1601452910,30/09/2020 08:01,52.258827,0.02708
1601452912,30/09/2020 08:01,52.258657,0.027077
1601452913,30/09/2020 08:01,52.258568,0.027058
1601452915,30/09/2020 08:01,52.258418,0.026963
1601452918,30/09/2020 08:01,52.258274,0.026791
1601452941,30/09/2020 08:02,52.258165,0.026691
1601452943,30/09/2020 08:02,52.258086,0.026536
1601452946,30/09/2020 08:02,52.257973,0.026388
1601452948,30/09/2020 08:02,52.257853,0.026446
1601452950,30/09/2020 08:02,52.257732,0.026647
1601452951,30/09/2020 08:02,52.257677,0.026765
1601452952,30/09/2020 08:02,52.257615,0.026873
1601452953,30/09/2020 08:02,52.257535,0.027002
1601452954,30/09/2020 08:02,52.257438,0.027166
1601452955,30/09/2020 08:02,52.25734,0.027313
1601452956,30/09/2020 08:02,52.257228,0.027464
1601452957,30/09/2020 08:02,52.257123,0.027609
1601452958,30/09/2020 08:02,52.257004,0.027773
1601452959,30/09/2020 08:02,52.256892,0.027939
1601452960,30/09/2020 08:02,52.25677,0.02811
1601452961,30/09/2020 08:02,52.256648,0.028293
1601452962,30/09/2020 08:02,52.256514,0.028484
1601452963,30/09/2020 08:02,52.256375,0.0287
1601452964,30/09/2020 08:02,52.256235,0.028924
1601452965,30/09/2020 08:02,52.256091,0.029142
1601452966,30/09/2020 08:02,52.25595,0.029364
1601452967,30/09/2020 08:02,52.255824,0.02958
1601452968,30/09/2020 08:02,52.255685,0.0298
1601452969,30/09/2020 08:02,52.255549,0.030023
1601452970,30/09/2020 08:02,52.255412,0.030248
1601452971,30/09/2020 08:02,52.255274,0.030476
1601452972,30/09/2020 08:02,52.25514,0.030697
1601452973,30/09/2020 08:02,52.255007,0.030921
1601452974,30/09/2020 08:02,52.254878,0.031154
1601452975,30/09/2020 08:02,52.254755,0.031376
1601452976,30/09/2020 08:02,52.254627,0.031605
1601452977,30/09/2020 08:02,52.254514,0.031831
1601452978,30/09/2020 08:02,52.254384,0.032061
1601452979,30/09/2020 08:02,52.254261,0.032293
1601452980,30/09/2020 08:03,52.254141,0.032528
1601452981,30/09/2020 08:03,52.25402,0.032761
1601452982,30/09/2020 08:03,52.25394,0.033001
1601452983,30/09/2020 08:03,52.253814,0.033241
1601452984,30/09/2020 08:03,52.25369,0.033474
1601452985,30/09/2020 08:03,52.253508,0.033687
1601452986,30/09/2020 08:03,52.253386,0.033906
1601452987,30/09/2020 08:03,52.253254,0.034129
1601452988,30/09/2020 08:03,52.253119,0.034348
1601452989,30/09/2020 08:03,52.252985,0.034574
1601452990,30/09/2020 08:03,52.252856,0.03478
1601452991,30/09/2020 08:03,52.25273,0.035008
1601452992,30/09/2020 08:03,52.252602,0.035237
1601452993,30/09/2020 08:03,52.252514,0.03551
1601452994,30/09/2020 08:03,52.252381,0.035749
1601452995,30/09/2020 08:03,52.252237,0.03598
1601452996,30/09/2020 08:03,52.252109,0.036212
1601452997,30/09/2020 08:03,52.251982,0.03645
1601452998,30/09/2020 08:03,52.251808,0.036657
1601452999,30/09/2020 08:03,52.251672,0.036897
1601453000,30/09/2020 08:03,52.251544,0.03714
1601453001,30/09/2020 08:03,52.251416,0.037382
1601453002,30/09/2020 08:03,52.251302,0.037623
1601453003,30/09/2020 08:03,52.25118,0.037871
1601453004,30/09/2020 08:03,52.251081,0.038135
1601453005,30/09/2020 08:03,52.250971,0.038385
1601453006,30/09/2020 08:03,52.250857,0.03864
1601453007,30/09/2020 08:03,52.250742,0.0389
1601453008,30/09/2020 08:03,52.250641,0.039167
1601453009,30/09/2020 08:03,52.250534,0.039447
1601453010,30/09/2020 08:03,52.250431,0.039733
1601453011,30/09/2020 08:03,52.250351,0.040008
1601453012,30/09/2020 08:03,52.250263,0.040289
1601453013,30/09/2020 08:03,52.250178,0.040592
1601453014,30/09/2020 08:03,52.250112,0.040831
1601453015,30/09/2020 08:03,52.25003,0.04113
1601453016,30/09/2020 08:03,52.249966,0.041418
1601453017,30/09/2020 08:03,52.249902,0.041703
1601453018,30/09/2020 08:03,52.249844,0.04199
1601453019,30/09/2020 08:03,52.249793,0.042257
1601453020,30/09/2020 08:03,52.249742,0.042532
1601453021,30/09/2020 08:03,52.249695,0.042781
1601453022,30/09/2020 08:03,52.249638,0.043029
1601453023,30/09/2020 08:03,52.249587,0.043276
1601453024,30/09/2020 08:03,52.249549,0.043516
1601453025,30/09/2020 08:03,52.249496,0.043747
1601453026,30/09/2020 08:03,52.24945,0.043957
1601453027,30/09/2020 08:03,52.249411,0.044225
1601453028,30/09/2020 08:03,52.249407,0.044392
1601453029,30/09/2020 08:03,52.249388,0.044539
1601453030,30/09/2020 08:03,52.249378,0.044694
1601453032,30/09/2020 08:03,52.249421,0.04493
1601453034,30/09/2020 08:03,52.249452,0.045164
1601453036,30/09/2020 08:03,52.249396,0.045353
1601453037,30/09/2020 08:03,52.24934,0.045369
1601453040,30/09/2020 08:04,52.249062,0.045342
1601453041,30/09/2020 08:04,52.24896,0.045362
1601453043,30/09/2020 08:04,52.248715,0.045466
1601453044,30/09/2020 08:04,52.248578,0.045486
1601453045,30/09/2020 08:04,52.24845,0.045474
1601453046,30/09/2020 08:04,52.248327,0.045444
1601453047,30/09/2020 08:04,52.248193,0.045381
1601453048,30/09/2020 08:04,52.248068,0.04529
1601453049,30/09/2020 08:04,52.247943,0.045182
1601453050,30/09/2020 08:04,52.247823,0.045049
1601453051,30/09/2020 08:04,52.24772,0.044911
1601453052,30/09/2020 08:04,52.247619,0.044766
1601453053,30/09/2020 08:04,52.247513,0.044623
1601453054,30/09/2020 08:04,52.247406,0.044491
1601453055,30/09/2020 08:04,52.2473,0.044351
1601453056,30/09/2020 08:04,52.247198,0.044217
1601453057,30/09/2020 08:04,52.247101,0.044086
1601453058,30/09/2020 08:04,52.247005,0.043945
1601453059,30/09/2020 08:04,52.246912,0.043809
1601453060,30/09/2020 08:04,52.246818,0.043665
1601453061,30/09/2020 08:04,52.246728,0.043512
1601453062,30/09/2020 08:04,52.246644,0.043358
1601453063,30/09/2020 08:04,52.246568,0.043186
1601453064,30/09/2020 08:04,52.246492,0.043008
1601453065,30/09/2020 08:04,52.246424,0.042817
1601453066,30/09/2020 08:04,52.246375,0.042598
1601453067,30/09/2020 08:04,52.246317,0.042401
1601453068,30/09/2020 08:04,52.246273,0.042201
1601453069,30/09/2020 08:04,52.246236,0.041984
1601453070,30/09/2020 08:04,52.246195,0.041772
1601453071,30/09/2020 08:04,52.246154,0.041519
1601453072,30/09/2020 08:04,52.246123,0.041316
1601453073,30/09/2020 08:04,52.246094,0.04112
1601453074,30/09/2020 08:04,52.246072,0.040954
1601453076,30/09/2020 08:04,52.246043,0.040655
1601453077,30/09/2020 08:04,52.246032,0.04047
1601453078,30/09/2020 08:04,52.246022,0.040308
1601453079,30/09/2020 08:04,52.245997,0.040143
1601453080,30/09/2020 08:04,52.24597,0.039984
1601453081,30/09/2020 08:04,52.245927,0.039931
1601453082,30/09/2020 08:04,52.245869,0.039807
1601453084,30/09/2020 08:04,52.24576,0.03962
1601453086,30/09/2020 08:04,52.245732,0.03932
1601453089,30/09/2020 08:04,52.245734,0.038778
1601453090,30/09/2020 08:04,52.24571,0.038571
1601453091,30/09/2020 08:04,52.245685,0.038331
1601453092,30/09/2020 08:04,52.245657,0.038098
1601453093,30/09/2020 08:04,52.245627,0.03786
1601453094,30/09/2020 08:04,52.245591,0.0376
1601453095,30/09/2020 08:04,52.245561,0.037334
1601453096,30/09/2020 08:04,52.245522,0.037076
1601453097,30/09/2020 08:04,52.245489,0.036817
1601453098,30/09/2020 08:04,52.245457,0.036564
1601453099,30/09/2020 08:04,52.245432,0.036294
1601453100,30/09/2020 08:05,52.245399,0.036038
1601453101,30/09/2020 08:05,52.245346,0.035801
1601453102,30/09/2020 08:05,52.245289,0.035575
1601453103,30/09/2020 08:05,52.245218,0.035386
1601453104,30/09/2020 08:05,52.245125,0.035166
1601453105,30/09/2020 08:05,52.245027,0.034981
1601453106,30/09/2020 08:05,52.24492,0.034799
1601453107,30/09/2020 08:05,52.244813,0.034607
1601453108,30/09/2020 08:05,52.244717,0.034427
1601453109,30/09/2020 08:05,52.244617,0.034284
1601453110,30/09/2020 08:05,52.244529,0.034114
1601453111,30/09/2020 08:05,52.244441,0.03395
1601453112,30/09/2020 08:05,52.244364,0.033776
1601453113,30/09/2020 08:05,52.244286,0.033612
1601453114,30/09/2020 08:05,52.244204,0.033451
1601453115,30/09/2020 08:05,52.244125,0.033298
1601453116,30/09/2020 08:05,52.244046,0.033143
1601453117,30/09/2020 08:05,52.243976,0.032984
1601453118,30/09/2020 08:05,52.243904,0.032845
1601453119,30/09/2020 08:05,52.243831,0.032702
1601453120,30/09/2020 08:05,52.243769,0.032566
1601453121,30/09/2020 08:05,52.243695,0.032418
1601453122,30/09/2020 08:05,52.243623,0.03228
1601453123,30/09/2020 08:05,52.243544,0.032156
1601453124,30/09/2020 08:05,52.243472,0.032007
1601453125,30/09/2020 08:05,52.243403,0.031872
1601453126,30/09/2020 08:05,52.243327,0.031711
1601453127,30/09/2020 08:05,52.243257,0.031563
1601453128,30/09/2020 08:05,52.243177,0.031405
1601453129,30/09/2020 08:05,52.243101,0.031249
1601453130,30/09/2020 08:05,52.243018,0.031083
1601453131,30/09/2020 08:05,52.242947,0.03093
1601453132,30/09/2020 08:05,52.242877,0.030761
1601453133,30/09/2020 08:05,52.242817,0.030612
1601453134,30/09/2020 08:05,52.242752,0.030441
1601453135,30/09/2020 08:05,52.242687,0.030264
1601453136,30/09/2020 08:05,52.242624,0.030086
1601453137,30/09/2020 08:05,52.242558,0.02991
1601453138,30/09/2020 08:05,52.242492,0.029726
1601453139,30/09/2020 08:05,52.24242,0.029541
1601453140,30/09/2020 08:05,52.24235,0.029376
1601453141,30/09/2020 08:05,52.242282,0.029185
1601453142,30/09/2020 08:05,52.242209,0.029031
1601453143,30/09/2020 08:05,52.242143,0.028903
1601453144,30/09/2020 08:05,52.24207,0.02876
1601453145,30/09/2020 08:05,52.242001,0.028645
1601453146,30/09/2020 08:05,52.241932,0.028514
1601453147,30/09/2020 08:05,52.241871,0.028399
1601453148,30/09/2020 08:05,52.241807,0.028273
1601453150,30/09/2020 08:05,52.241688,0.028055
1601453151,30/09/2020 08:05,52.241631,0.027933
1601453152,30/09/2020 08:05,52.24157,0.027804
1601453153,30/09/2020 08:05,52.2415,0.027679
1601453154,30/09/2020 08:05,52.241428,0.02757
1601453155,30/09/2020 08:05,52.241347,0.027446
1601453156,30/09/2020 08:05,52.241266,0.027317
1601453157,30/09/2020 08:05,52.241183,0.027192
1601453158,30/09/2020 08:05,52.2411,0.02707
1601453159,30/09/2020 08:05,52.241014,0.026936
1601453160,30/09/2020 08:06,52.240929,0.026811
1601453161,30/09/2020 08:06,52.240846,0.026688
1601453162,30/09/2020 08:06,52.240765,0.026566
1601453163,30/09/2020 08:06,52.240682,0.026441
1601453164,30/09/2020 08:06,52.240603,0.02632
1601453165,30/09/2020 08:06,52.240522,0.026196
1601453166,30/09/2020 08:06,52.240451,0.02609
1601453167,30/09/2020 08:06,52.240381,0.025985
1601453168,30/09/2020 08:06,52.240314,0.025879
1601453170,30/09/2020 08:06,52.240188,0.025688
1601453172,30/09/2020 08:06,52.240073,0.025508
1601453174,30/09/2020 08:06,52.239956,0.025376
1601453176,30/09/2020 08:06,52.239872,0.025166
1601453177,30/09/2020 08:06,52.239816,0.025046
1601453178,30/09/2020 08:06,52.239751,0.024909
1601453179,30/09/2020 08:06,52.239687,0.024752
1601453180,30/09/2020 08:06,52.239613,0.024573
1601453181,30/09/2020 08:06,52.239544,0.024392
1601453182,30/09/2020 08:06,52.23948,0.024209
1601453183,30/09/2020 08:06,52.239419,0.024025
1601453184,30/09/2020 08:06,52.239359,0.023843
1601453185,30/09/2020 08:06,52.239304,0.023665
1601453186,30/09/2020 08:06,52.239248,0.023479
1601453187,30/09/2020 08:06,52.239183,0.023298
1601453188,30/09/2020 08:06,52.239128,0.023123
1601453189,30/09/2020 08:06,52.239074,0.022948
1601453190,30/09/2020 08:06,52.23905,0.022757
1601453191,30/09/2020 08:06,52.239021,0.022571
1601453192,30/09/2020 08:06,52.238992,0.02238
1601453193,30/09/2020 08:06,52.238964,0.022184
1601453194,30/09/2020 08:06,52.238948,0.021994
1601453195,30/09/2020 08:06,52.238937,0.021801
1601453196,30/09/2020 08:06,52.238937,0.02162
1601453197,30/09/2020 08:06,52.23895,0.021432
1601453198,30/09/2020 08:06,52.23896,0.021242
1601453199,30/09/2020 08:06,52.238979,0.021055
1601453200,30/09/2020 08:06,52.238999,0.02087
1601453201,30/09/2020 08:06,52.239044,0.020671
1601453202,30/09/2020 08:06,52.239091,0.020468
1601453203,30/09/2020 08:06,52.239146,0.020278
1601453204,30/09/2020 08:06,52.239211,0.020077
1601453205,30/09/2020 08:06,52.239271,0.019877
1601453206,30/09/2020 08:06,52.239333,0.019689
1601453207,30/09/2020 08:06,52.239396,0.019509
1601453209,30/09/2020 08:06,52.239507,0.019152
1601453210,30/09/2020 08:06,52.239563,0.018984
1601453211,30/09/2020 08:06,52.239624,0.018823
1601453212,30/09/2020 08:06,52.239673,0.018673
1601453213,30/09/2020 08:06,52.23971,0.018532
1601453215,30/09/2020 08:06,52.239755,0.01826
1601453217,30/09/2020 08:06,52.239794,0.018041
1601453219,30/09/2020 08:06,52.239891,0.017954
1601453221,30/09/2020 08:07,52.240034,0.017966
1601453223,30/09/2020 08:07,52.240189,0.017994
1601453225,30/09/2020 08:07,52.240372,0.018017
1601453227,30/09/2020 08:07,52.240555,0.018105
1601453228,30/09/2020 08:07,52.240643,0.018177
1601453229,30/09/2020 08:07,52.24073,0.018234
1601453230,30/09/2020 08:07,52.240814,0.018307
1601453231,30/09/2020 08:07,52.240897,0.018361
1601453233,30/09/2020 08:07,52.24104,0.018458
1601453235,30/09/2020 08:07,52.241143,0.018437
1601453259,30/09/2020 08:07,52.241292,0.018497
1601453260,30/09/2020 08:07,52.241371,0.018489
1601453262,30/09/2020 08:07,52.241515,0.018486
1601453264,30/09/2020 08:07,52.241646,0.018456
1601453265,30/09/2020 08:07,52.241721,0.01846
1601453267,30/09/2020 08:07,52.241856,0.01848
1601453269,30/09/2020 08:07,52.241964,0.018486
1601453273,30/09/2020 08:07,52.242072,0.018509
1601453278,30/09/2020 08:07,52.242211,0.018511
1601453280,30/09/2020 08:08,52.242333,0.018514
1601453282,30/09/2020 08:08,52.242481,0.018516
1601453284,30/09/2020 08:08,52.242612,0.018545
1601453286,30/09/2020 08:08,52.242724,0.018572
1601453291,30/09/2020 08:08,52.242812,0.018657
1601453310,30/09/2020 08:08,52.242789,0.018796
1601453314,30/09/2020 08:08,52.242778,0.018791
1601453349,30/09/2020 08:09,52.242786,0.018776
1601453462,30/09/2020 08:11,52.242786,0.018776
1601453614,30/09/2020 08:13,52.242786,0.018776
1601455710,30/09/2020 08:48,52.242786,0.018776
1601457530,30/09/2020 09:18,52.242687,0.018725
1601457537,30/09/2020 09:18,52.242618,0.018839
1601457635,30/09/2020 09:20,52.242703,0.018847
1601457728,30/09/2020 09:22,52.242739,0.018805
1601459528,30/09/2020 09:52,52.242739,0.018805
1601460544,30/09/2020 10:09,52.242716,0.018767
1601461723,30/09/2020 10:28,52.242804,0.018868
1601461729,30/09/2020 10:28,52.242804,0.018868
1601461782,30/09/2020 10:29,52.242902,0.018763
1601461919,30/09/2020 10:31,52.242753,0.018761
1601461926,30/09/2020 10:32,52.242732,0.018814
1601461927,30/09/2020 10:32,52.242757,0.018792
1601461930,30/09/2020 10:32,52.242755,0.01883
1601462035,30/09/2020 10:33,52.24284,0.018779
1601462060,30/09/2020 10:34,52.24284,0.01878
1601462084,30/09/2020 10:34,52.242764,0.018761
1601462131,30/09/2020 10:35,52.242748,0.018764
1601462153,30/09/2020 10:35,52.242775,0.018698
1601462239,30/09/2020 10:37,52.242769,0.018772
1601462241,30/09/2020 10:37,52.242769,0.018772
1601462287,30/09/2020 10:38,52.242746,0.018768
1601462290,30/09/2020 10:38,52.242757,0.01878
1601462291,30/09/2020 10:38,52.242757,0.01878
1601462295,30/09/2020 10:38,52.242745,0.018687
1601462313,30/09/2020 10:38,52.242745,0.018687
1601462335,30/09/2020 10:38,52.242791,0.018824
1601462356,30/09/2020 10:39,52.242769,0.018779
1601462357,30/09/2020 10:39,52.242769,0.018779
1601462360,30/09/2020 10:39,52.242771,0.018784
1601462361,30/09/2020 10:39,52.242771,0.018784
1601462422,30/09/2020 10:40,52.242732,0.018768
1601462446,30/09/2020 10:40,52.242762,0.018773
1601462468,30/09/2020 10:41,52.242714,0.018683
1601462490,30/09/2020 10:41,52.242853,0.018909
1601462491,30/09/2020 10:41,52.242774,0.018781
1601462515,30/09/2020 10:41,52.242743,0.018811
1601462524,30/09/2020 10:42,52.24275,0.018772
1601462558,30/09/2020 10:42,52.242696,0.018778
1601462592,30/09/2020 10:43,52.242743,0.018792
1601462593,30/09/2020 10:43,52.242743,0.018792
1601462610,30/09/2020 10:43,52.242756,0.018967
1601462632,30/09/2020 10:43,52.242828,0.018907
1601462715,30/09/2020 10:45,52.24275,0.018776
1601462720,30/09/2020 10:45,52.242835,0.019071
1601462721,30/09/2020 10:45,52.242788,0.018943
1601462742,30/09/2020 10:45,52.242788,0.018943
1601462802,30/09/2020 10:46,52.242775,0.018763
1601462805,30/09/2020 10:46,52.242775,0.018763
1601462807,30/09/2020 10:46,52.242823,0.018861
1601462808,30/09/2020 10:46,52.242823,0.018861
1601462823,30/09/2020 10:47,52.242823,0.018861
1601462844,30/09/2020 10:47,52.24276,0.018878
1601462866,30/09/2020 10:47,52.242747,0.01893
1601462888,30/09/2020 10:48,52.242763,0.018791
1601462951,30/09/2020 10:49,52.242744,0.018774
1601462952,30/09/2020 10:49,52.242744,0.018774
1601462957,30/09/2020 10:49,52.242896,0.019103
1601462958,30/09/2020 10:49,52.242896,0.019103
1601462959,30/09/2020 10:49,52.242896,0.019103
1601462980,30/09/2020 10:49,52.242896,0.019103
1601463029,30/09/2020 10:50,52.242748,0.018765
1601463030,30/09/2020 10:50,52.242748,0.018765
1601463032,30/09/2020 10:50,52.242753,0.018815
1601463053,30/09/2020 10:50,52.242753,0.018815
1601463069,30/09/2020 10:51,52.242676,0.018804
1601463074,30/09/2020 10:51,52.2427,0.018708
1601463075,30/09/2020 10:51,52.2427,0.018708
1601463098,30/09/2020 10:51,52.2427,0.018708
1601463113,30/09/2020 10:51,52.242772,0.018769
1601463115,30/09/2020 10:51,52.242821,0.018852
1601463117,30/09/2020 10:51,52.242821,0.018854
1601463140,30/09/2020 10:52,52.242821,0.018854
1601463172,30/09/2020 10:52,52.242769,0.018779
1601463176,30/09/2020 10:52,52.242654,0.018739
1601463201,30/09/2020 10:53,52.242654,0.018739
1601463222,30/09/2020 10:53,52.24281,0.018782
1601463224,30/09/2020 10:53,52.24285,0.018774
1601463226,30/09/2020 10:53,52.24285,0.018774
1601463231,30/09/2020 10:53,52.242854,0.018767
1601463255,30/09/2020 10:54,52.24282,0.018816
1601463261,30/09/2020 10:54,52.24274,0.018771
1601463285,30/09/2020 10:54,52.242774,0.018796
1601463287,30/09/2020 10:54,52.242734,0.018784
1601463288,30/09/2020 10:54,52.242734,0.018784
1601463360,30/09/2020 10:56,52.242716,0.018768
1601463365,30/09/2020 10:56,52.242767,0.018773
1601463388,30/09/2020 10:56,52.2428,0.018764
1601463389,30/09/2020 10:56,52.242734,0.018796
1601463412,30/09/2020 10:56,52.242776,0.018786
1601463467,30/09/2020 10:57,52.242775,0.018783
1601463468,30/09/2020 10:57,52.242775,0.018783
1601463471,30/09/2020 10:57,52.242764,0.018772
1601463472,30/09/2020 10:57,52.242732,0.018815
1601463492,30/09/2020 10:58,52.242732,0.018815
1601463493,30/09/2020 10:58,52.242757,0.018766
1601463538,30/09/2020 10:58,52.242741,0.018776
1601463546,30/09/2020 10:59,52.242766,0.018773
1601463553,30/09/2020 10:59,52.242779,0.01879
1601463554,30/09/2020 10:59,52.242779,0.01879
1601463575,30/09/2020 10:59,52.242779,0.01879
1601463578,30/09/2020 10:59,52.242769,0.018779
1601463583,30/09/2020 10:59,52.242765,0.018773
1601463605,30/09/2020 11:00,52.242765,0.018773
1601463659,30/09/2020 11:00,52.242762,0.018772
1601463662,30/09/2020 11:01,52.242791,0.018801
1601463683,30/09/2020 11:01,52.242791,0.018801
1601463706,30/09/2020 11:01,52.243037,0.018768
1601463709,30/09/2020 11:01,52.242764,0.018772
1601463710,30/09/2020 11:01,52.242764,0.018772
1601463729,30/09/2020 11:02,52.242808,0.018879
1601463792,30/09/2020 11:03,52.242758,0.018781
1601463825,30/09/2020 11:03,52.242788,0.018766
1601463826,30/09/2020 11:03,52.242788,0.018766
1601463969,30/09/2020 11:06,52.242676,0.018801
1601463976,30/09/2020 11:06,52.242707,0.018778
1601463977,30/09/2020 11:06,52.242707,0.018778
1601464090,30/09/2020 11:08,52.24276,0.018785
1601464091,30/09/2020 11:08,52.242765,0.018783
1601464097,30/09/2020 11:08,52.242692,0.018859
1601464100,30/09/2020 11:08,52.242692,0.018859
1601464273,30/09/2020 11:11,52.24273,0.018825
1601464406,30/09/2020 11:13,52.242769,0.018781
1601464628,30/09/2020 11:17,52.242819,0.018858
1601464636,30/09/2020 11:17,52.242773,0.018779
1601464637,30/09/2020 11:17,52.242773,0.018779
1601464656,30/09/2020 11:17,52.242799,0.018858
1601464672,30/09/2020 11:17,52.242798,0.018845
1601464779,30/09/2020 11:19,52.24275,0.018794
1601464911,30/09/2020 11:21,52.2428,0.01879
1601464912,30/09/2020 11:21,52.2428,0.01879
1601464914,30/09/2020 11:21,52.2428,0.01879
1601465004,30/09/2020 11:23,52.242743,0.018771
1601465247,30/09/2020 11:27,52.242785,0.018775
1601465249,30/09/2020 11:27,52.242785,0.018775
1601465269,30/09/2020 11:27,52.24266,0.01885
1601465271,30/09/2020 11:27,52.242812,0.01881
1601465273,30/09/2020 11:27,52.242812,0.01881
1601465293,30/09/2020 11:28,52.242751,0.018894
1601465306,30/09/2020 11:28,52.242764,0.018784
1601465307,30/09/2020 11:28,52.242764,0.018784
1601465325,30/09/2020 11:28,52.242876,0.018678
1601465347,30/09/2020 11:29,52.242818,0.018915
1601465499,30/09/2020 11:31,52.242748,0.018787
1601465500,30/09/2020 11:31,52.242748,0.018787
1601465528,30/09/2020 11:32,52.242703,0.018778
1601465592,30/09/2020 11:33,52.242762,0.018784
1601465593,30/09/2020 11:33,52.242762,0.018784
1601465598,30/09/2020 11:33,52.24287,0.018613
1601465599,30/09/2020 11:33,52.24287,0.018613
1601465796,30/09/2020 11:36,52.242743,0.018774
1601465873,30/09/2020 11:37,52.242758,0.01877
1601465874,30/09/2020 11:37,52.242758,0.01877
1601465891,30/09/2020 11:38,52.24277,0.018756
1601465930,30/09/2020 11:38,52.242731,0.018789
1601466445,30/09/2020 11:47,52.242771,0.018774
1601466466,30/09/2020 11:47,52.242772,0.018775
1601466487,30/09/2020 11:48,52.24276,0.018512
1601466517,30/09/2020 11:48,52.242767,0.018778
1601466539,30/09/2020 11:48,52.242795,0.018821
1601466549,30/09/2020 11:49,52.242747,0.018783
1601466555,30/09/2020 11:49,52.242762,0.018791
1601466574,30/09/2020 11:49,52.242762,0.018791
1601466596,30/09/2020 11:49,52.242753,0.01883
1601466616,30/09/2020 11:50,52.242744,0.018828
1601466642,30/09/2020 11:50,52.242807,0.018712
1601466649,30/09/2020 11:50,52.242746,0.018773
1601466653,30/09/2020 11:50,52.242828,0.018811
1601466670,30/09/2020 11:51,52.242828,0.018811
1601467165,30/09/2020 11:59,52.242771,0.018779
1601467187,30/09/2020 11:59,52.242781,0.018907
1601467193,30/09/2020 11:59,52.242803,0.018739
1601467216,30/09/2020 12:00,52.242816,0.018733
1601467238,30/09/2020 12:00,52.242772,0.018739
1601467256,30/09/2020 12:00,52.242756,0.018778
1601467257,30/09/2020 12:00,52.242756,0.018778
1601467272,30/09/2020 12:01,52.242873,0.01884
1601467273,30/09/2020 12:01,52.242853,0.01861
1601467274,30/09/2020 12:01,52.242853,0.01861
1601467295,30/09/2020 12:01,52.242818,0.018579
1601467311,30/09/2020 12:01,52.242793,0.018791
1601467337,30/09/2020 12:02,52.242659,0.019119
1601467369,30/09/2020 12:02,52.242793,0.018759
1601467370,30/09/2020 12:02,52.242793,0.018759
1601467415,30/09/2020 12:03,52.242754,0.018782
1601467422,30/09/2020 12:03,52.242823,0.018751
1601467426,30/09/2020 12:03,52.242815,0.018772
1601467427,30/09/2020 12:03,52.242815,0.018772
1601467428,30/09/2020 12:03,52.242815,0.018772
1601467442,30/09/2020 12:04,52.242815,0.018772
1601467458,30/09/2020 12:04,52.242831,0.018752
1601467482,30/09/2020 12:04,52.242749,0.018698
1601467490,30/09/2020 12:04,52.242797,0.018768
1601467492,30/09/2020 12:04,52.242797,0.018768
1601467493,30/09/2020 12:04,52.242713,0.018841
1601467494,30/09/2020 12:04,52.242713,0.018841
1601467513,30/09/2020 12:05,52.242713,0.018841
1601467516,30/09/2020 12:05,52.242821,0.018745
1601467537,30/09/2020 12:05,52.242758,0.018965
1601467550,30/09/2020 12:05,52.242811,0.01874
1601467580,30/09/2020 12:06,52.242805,0.018753
1601467583,30/09/2020 12:06,52.242805,0.018753
1601467598,30/09/2020 12:06,52.242789,0.018774
1601467620,30/09/2020 12:07,52.242789,0.018774
1601467633,30/09/2020 12:07,52.242788,0.018887
1601467657,30/09/2020 12:07,52.242788,0.018887
1601467734,30/09/2020 12:08,52.24277,0.018779
1601467735,30/09/2020 12:08,52.24277,0.018779
1601467741,30/09/2020 12:09,52.242771,0.018813
1601467742,30/09/2020 12:09,52.242771,0.018813
1601467743,30/09/2020 12:09,52.242771,0.018813
1601467760,30/09/2020 12:09,52.24277,0.018887
1601467778,30/09/2020 12:09,52.242718,0.018888
1601467802,30/09/2020 12:10,52.242713,0.018848
1601467866,30/09/2020 12:11,52.242765,0.018768
1601467867,30/09/2020 12:11,52.242765,0.018768
1601467886,30/09/2020 12:11,52.242829,0.018873
1601467902,30/09/2020 12:11,52.242754,0.018709
1601467922,30/09/2020 12:12,52.242759,0.018762
1601467943,30/09/2020 12:12,52.242707,0.018749
1601467965,30/09/2020 12:12,52.242747,0.018828
1601467994,30/09/2020 12:13,52.24276,0.018782
1601467995,30/09/2020 12:13,52.24276,0.018782
1601468034,30/09/2020 12:13,52.242797,0.018755
1601468086,30/09/2020 12:14,52.242748,0.018768
1601468088,30/09/2020 12:14,52.242748,0.018768
1601468148,30/09/2020 12:15,52.242782,0.018754
1601468153,30/09/2020 12:15,52.242784,0.018776
1601468154,30/09/2020 12:15,52.242784,0.018776
1601468155,30/09/2020 12:15,52.242784,0.018776
1601468176,30/09/2020 12:16,52.242784,0.018776
1601468242,30/09/2020 12:17,52.242774,0.018771
1601468243,30/09/2020 12:17,52.242774,0.018771
1601468265,30/09/2020 12:17,52.242695,0.018794
1601468267,30/09/2020 12:17,52.24275,0.01878
1601468268,30/09/2020 12:17,52.24275,0.01878
1601468284,30/09/2020 12:18,52.242827,0.018944
1601468308,30/09/2020 12:18,52.242761,0.018986
1601468371,30/09/2020 12:19,52.242753,0.018784
1601468534,30/09/2020 12:22,52.242748,0.018771
1601468557,30/09/2020 12:22,52.242751,0.018772
1601468579,30/09/2020 12:22,52.242762,0.018751
1601468580,30/09/2020 12:23,52.242755,0.018788
1601468582,30/09/2020 12:23,52.242755,0.018788
1601468677,30/09/2020 12:24,52.242747,0.018773
1601468729,30/09/2020 12:25,52.242743,0.018775
1601468731,30/09/2020 12:25,52.242743,0.018775
1601468752,30/09/2020 12:25,52.242779,0.018837
1601468754,30/09/2020 12:25,52.242768,0.018783
1601468755,30/09/2020 12:25,52.242768,0.018783
1601468760,30/09/2020 12:26,52.242758,0.01878
1601468761,30/09/2020 12:26,52.242758,0.01878
1601468764,30/09/2020 12:26,52.242715,0.01866
1601468811,30/09/2020 12:26,52.242761,0.018767
1601468839,30/09/2020 12:27,52.242753,0.018768
1601468846,30/09/2020 12:27,52.242834,0.018718
1601468871,30/09/2020 12:27,52.242943,0.019057
1601468964,30/09/2020 12:29,52.242822,0.018872
1601468995,30/09/2020 12:29,52.242732,0.018788
1601469056,30/09/2020 12:30,52.242822,0.018737
1601469080,30/09/2020 12:31,52.242837,0.01881
1601469115,30/09/2020 12:31,52.242794,0.018748
1601469138,30/09/2020 12:32,52.242954,0.018704
1601469180,30/09/2020 12:33,52.242818,0.01874
1601469182,30/09/2020 12:33,52.242818,0.01874
1601469187,30/09/2020 12:33,52.242936,0.018631
1601469208,30/09/2020 12:33,52.242944,0.018704
1601469291,30/09/2020 12:34,52.24281,0.018759
1601469292,30/09/2020 12:34,52.24281,0.018759
1601469457,30/09/2020 12:37,52.242777,0.018755
1601469468,30/09/2020 12:37,52.242814,0.018744
1601469470,30/09/2020 12:37,52.242814,0.018744
1601469473,30/09/2020 12:37,52.242762,0.018767
1601469475,30/09/2020 12:37,52.242783,0.018877
1601469496,30/09/2020 12:38,52.242783,0.018877
1601469529,30/09/2020 12:38,52.242724,0.018762
1601469592,30/09/2020 12:39,52.242772,0.018764
1601469623,30/09/2020 12:40,52.242858,0.018723
1601469645,30/09/2020 12:40,52.242891,0.018741
1601469683,30/09/2020 12:41,52.242759,0.01877
1601469700,30/09/2020 12:41,52.24275,0.018835
1601469724,30/09/2020 12:42,52.242811,0.018747
1601469740,30/09/2020 12:42,52.242792,0.018764
1601469764,30/09/2020 12:42,52.242797,0.018787
1601469815,30/09/2020 12:43,52.242812,0.018738
1601469816,30/09/2020 12:43,52.242812,0.018738
1601469821,30/09/2020 12:43,52.242827,0.018939
1601469822,30/09/2020 12:43,52.242827,0.018939
1601469839,30/09/2020 12:43,52.242827,0.018939
1601469864,30/09/2020 12:44,52.242795,0.018924
1601469912,30/09/2020 12:45,52.242813,0.018738
1601469914,30/09/2020 12:45,52.242813,0.018738
1601469916,30/09/2020 12:45,52.242723,0.018732
1601469917,30/09/2020 12:45,52.242723,0.018732
1601469918,30/09/2020 12:45,52.242723,0.018732
1601469938,30/09/2020 12:45,52.242723,0.018732
1601469943,30/09/2020 12:45,52.242848,0.018732
1601469965,30/09/2020 12:46,52.242834,0.018816
1601470012,30/09/2020 12:46,52.242766,0.018782
1601470054,30/09/2020 12:47,52.242796,0.018737
1601470115,30/09/2020 12:48,52.242815,0.018755
1601470120,30/09/2020 12:48,52.242741,0.018846
1601470142,30/09/2020 12:49,52.242748,0.018966
1601470176,30/09/2020 12:49,52.242838,0.018713
1601470180,30/09/2020 12:49,52.242828,0.018701
1601470181,30/09/2020 12:49,52.242828,0.018701
1601470182,30/09/2020 12:49,52.242828,0.018701
1601470205,30/09/2020 12:50,52.242828,0.018701
1601470355,30/09/2020 12:52,52.242769,0.018765
1601470427,30/09/2020 12:53,52.242818,0.018726
1601470449,30/09/2020 12:54,52.242784,0.018883
1601470503,30/09/2020 12:55,52.242802,0.018751
1601470504,30/09/2020 12:55,52.242802,0.018751
1601470507,30/09/2020 12:55,52.242675,0.01873
1601470508,30/09/2020 12:55,52.242675,0.01873
1601470509,30/09/2020 12:55,52.242675,0.01873
1601470529,30/09/2020 12:55,52.242675,0.01873
1601470533,30/09/2020 12:55,52.242717,0.01881
1601470538,30/09/2020 12:55,52.242782,0.018778
1601470557,30/09/2020 12:55,52.242782,0.018778
1601470705,30/09/2020 12:58,52.242796,0.018748
1601470720,30/09/2020 12:58,52.242792,0.018758
1601470723,30/09/2020 12:58,52.242821,0.018751
1601470724,30/09/2020 12:58,52.242821,0.018751
1601470725,30/09/2020 12:58,52.242821,0.018751
1601470863,30/09/2020 13:01,52.24275,0.018781
1601470885,30/09/2020 13:01,52.242814,0.018716
1601470907,30/09/2020 13:01,52.242969,0.019117
1601470947,30/09/2020 13:02,52.242812,0.018738
1601470948,30/09/2020 13:02,52.242812,0.018738
1601470998,30/09/2020 13:03,52.242732,0.018788
1601471041,30/09/2020 13:04,52.24279,0.018787
1601471043,30/09/2020 13:04,52.242806,0.018763
1601471045,30/09/2020 13:04,52.242806,0.018763
1601471065,30/09/2020 13:04,52.242806,0.018763
1601471112,30/09/2020 13:05,52.242793,0.018757
1601471113,30/09/2020 13:05,52.242793,0.018757
1601471133,30/09/2020 13:05,52.242851,0.018942
1601471182,30/09/2020 13:06,52.242797,0.018769
1601471187,30/09/2020 13:06,52.242809,0.018784
1601471188,30/09/2020 13:06,52.242809,0.018784
1601471209,30/09/2020 13:06,52.242809,0.018784
1601471223,30/09/2020 13:07,52.242813,0.018746
1601471245,30/09/2020 13:07,52.24281,0.018771
1601471267,30/09/2020 13:07,52.242817,0.018735
1601471268,30/09/2020 13:07,52.242817,0.018735
1601471291,30/09/2020 13:08,52.242832,0.018852
1601471293,30/09/2020 13:08,52.24281,0.018755
1601471294,30/09/2020 13:08,52.24281,0.018755
1601471318,30/09/2020 13:08,52.242802,0.018746
1601471389,30/09/2020 13:09,52.242814,0.018725
1601471413,30/09/2020 13:10,52.242814,0.018731
1601471457,30/09/2020 13:10,52.242797,0.018742
1601471528,30/09/2020 13:12,52.242741,0.018787
1601471620,30/09/2020 13:13,52.242795,0.018755
1601471663,30/09/2020 13:14,52.242796,0.018748
1601471751,30/09/2020 13:15,52.242844,0.018722
1601471754,30/09/2020 13:15,52.242844,0.018722
1601471894,30/09/2020 13:18,52.242785,0.018781
1601471929,30/09/2020 13:18,52.242805,0.018735
1601471951,30/09/2020 13:19,52.242765,0.018849
1601471972,30/09/2020 13:19,52.242762,0.01878
1601471994,30/09/2020 13:19,52.242779,0.018935
1601472001,30/09/2020 13:20,52.242828,0.018748
1601472008,30/09/2020 13:20,52.24274,0.018861
1601472009,30/09/2020 13:20,52.24274,0.018861
1601472030,30/09/2020 13:20,52.24274,0.018861
1601472044,30/09/2020 13:20,52.242813,0.018749
1601472059,30/09/2020 13:20,52.242668,0.018486
1601472061,30/09/2020 13:21,52.242773,0.018771
1601472081,30/09/2020 13:21,52.242796,0.018762
1601472099,30/09/2020 13:21,52.242799,0.018729
1601472101,30/09/2020 13:21,52.242799,0.018729
1601472163,30/09/2020 13:22,52.24278,0.01874
1601472214,30/09/2020 13:23,52.242788,0.018753
1601472215,30/09/2020 13:23,52.242788,0.018753
1601472216,30/09/2020 13:23,52.242791,0.018747
1601472219,30/09/2020 13:23,52.242791,0.018747
1601472239,30/09/2020 13:23,52.242838,0.018733
1601472269,30/09/2020 13:24,52.242794,0.018755
1601472273,30/09/2020 13:24,52.242794,0.018755
1601472274,30/09/2020 13:24,52.242772,0.01912
1601472291,30/09/2020 13:24,52.242772,0.01912
1601472313,30/09/2020 13:25,52.242835,0.018865
1601472335,30/09/2020 13:25,52.242794,0.018845
1601472367,30/09/2020 13:26,52.242768,0.01878
1601472368,30/09/2020 13:26,52.242768,0.01878
1601472372,30/09/2020 13:26,52.242804,0.018946
1601472434,30/09/2020 13:27,52.242791,0.018747
1601472460,30/09/2020 13:27,52.242799,0.018733
1601472483,30/09/2020 13:28,52.24285,0.019247
1601472511,30/09/2020 13:28,52.242813,0.018738
1601472512,30/09/2020 13:28,52.242813,0.018738
1601472514,30/09/2020 13:28,52.242813,0.018737
1601472536,30/09/2020 13:28,52.242757,0.018703
1601472650,30/09/2020 13:30,52.242779,0.018734
1601472652,30/09/2020 13:30,52.242779,0.018734
1601472704,30/09/2020 13:31,52.242795,0.018737
1601472708,30/09/2020 13:31,52.242717,0.018812
1601472711,30/09/2020 13:31,52.242724,0.018822
1601472713,30/09/2020 13:31,52.242724,0.018822
1601472963,30/09/2020 13:36,52.242824,0.01873
1601472983,30/09/2020 13:36,52.242793,0.018847
1601474068,30/09/2020 13:54,52.24274,0.018787
1601474073,30/09/2020 13:54,52.242804,0.01877
1601474074,30/09/2020 13:54,52.242804,0.01877
1601476074,30/09/2020 14:27,52.242752,0.018766
1601476088,30/09/2020 14:28,52.242768,0.018768
1601476089,30/09/2020 14:28,52.242723,0.018849
1601476090,30/09/2020 14:28,52.242723,0.018849
1601476268,30/09/2020 14:31,52.242723,0.018849
1601477776,30/09/2020 14:56,52.242719,0.019142
1601477779,30/09/2020 14:56,52.242796,0.019063
1601478313,30/09/2020 15:05,52.242808,0.018902
1601479315,30/09/2020 15:21,52.242808,0.018902
1601479624,30/09/2020 15:27,52.242808,0.018902
1601479704,30/09/2020 15:28,52.242808,0.018902
1601479923,30/09/2020 15:32,52.242808,0.018902
1601479943,30/09/2020 15:32,52.242808,0.018902
1601479956,30/09/2020 15:32,52.242808,0.018902
1601480008,30/09/2020 15:33,52.242808,0.018902
1601480009,30/09/2020 15:33,52.242808,0.018902
1601480014,30/09/2020 15:33,52.242808,0.018902
1601480089,30/09/2020 15:34,52.242808,0.018902
1601480152,30/09/2020 15:35,52.242808,0.018902
1601480291,30/09/2020 15:38,52.242808,0.018902
1601480972,30/09/2020 15:49,52.242808,0.018902
1601480993,30/09/2020 15:49,52.242808,0.018902
1601481054,30/09/2020 15:50,52.242875,0.018731
1601481058,30/09/2020 15:50,52.242875,0.018731
1601481081,30/09/2020 15:51,52.242717,0.018786
1601481124,30/09/2020 15:52,52.242877,0.018702
1601481160,30/09/2020 15:52,52.242797,0.018749
1601481174,30/09/2020 15:52,52.242728,0.018775
1601481283,30/09/2020 15:54,52.242983,0.018681
1601481284,30/09/2020 15:54,52.242882,0.018739
1601481290,30/09/2020 15:54,52.242693,0.018706
1601481291,30/09/2020 15:54,52.242873,0.018738
1601481467,30/09/2020 15:57,52.242873,0.018738
1601481498,30/09/2020 15:58,52.242992,0.018629
1601481499,30/09/2020 15:58,52.242846,0.018748
1601481500,30/09/2020 15:58,52.242798,0.018799
1601481501,30/09/2020 15:58,52.242798,0.018799
1601481528,30/09/2020 15:58,52.242798,0.018799
1601481542,30/09/2020 15:59,52.242798,0.018799
1601481566,30/09/2020 15:59,52.242825,0.018867
1601481569,30/09/2020 15:59,52.242808,0.01875
1601481570,30/09/2020 15:59,52.24275,0.018722
1601481571,30/09/2020 15:59,52.24275,0.018722
1601481589,30/09/2020 15:59,52.242749,0.018716
1601481594,30/09/2020 15:59,52.242794,0.018722
1601482186,30/09/2020 16:09,52.242799,0.018748
1601482190,30/09/2020 16:09,52.242838,0.018729
1601482333,30/09/2020 16:12,52.242757,0.018766
1601482379,30/09/2020 16:12,52.242805,0.018757
1601482395,30/09/2020 16:13,52.242791,0.018878
1601482420,30/09/2020 16:13,52.242756,0.018771
1601482430,30/09/2020 16:13,52.242844,0.018726
1601482431,30/09/2020 16:13,52.242844,0.018726
1601482454,30/09/2020 16:14,52.242497,0.018876
1601482532,30/09/2020 16:15,52.242797,0.018747
1601482554,30/09/2020 16:15,52.242784,0.018958
1601482566,30/09/2020 16:16,52.242782,0.018757
1601482567,30/09/2020 16:16,52.242782,0.018757
1601484966,30/09/2020 16:56,52.242786,0.018762
1601485076,30/09/2020 16:57,52.242787,0.018754
1601485098,30/09/2020 16:58,52.242827,0.018905
1601485200,30/09/2020 17:00,52.242818,0.018735
1601486024,30/09/2020 17:13,52.242797,0.018736
1601486116,30/09/2020 17:15,52.242763,0.018763
1601486118,30/09/2020 17:15,52.242763,0.018763
1601486125,30/09/2020 17:15,52.242755,0.018845
1601486126,30/09/2020 17:15,52.242699,0.018767
1601486128,30/09/2020 17:15,52.242744,0.01885
1601486135,30/09/2020 17:15,52.242744,0.01885
1601486139,30/09/2020 17:15,52.242704,0.018828
1601486147,30/09/2020 17:15,52.242733,0.018847
1601486210,30/09/2020 17:16,52.242716,0.018821
1601486221,30/09/2020 17:17,52.242716,0.018821
1601486275,30/09/2020 17:17,52.242716,0.018821
1601486281,30/09/2020 17:18,52.242716,0.018821
1601486283,30/09/2020 17:18,52.242716,0.018821
1601486287,30/09/2020 17:18,52.242716,0.018821
1601486312,30/09/2020 17:18,52.242716,0.018821
1601486315,30/09/2020 17:18,52.242723,0.018619
1601486320,30/09/2020 17:18,52.242723,0.018619
1601486342,30/09/2020 17:19,52.242685,0.018755
1601486385,30/09/2020 17:19,52.242731,0.018764
1601486389,30/09/2020 17:19,52.242715,0.018744
1601486423,30/09/2020 17:20,52.242715,0.018744
1601486429,30/09/2020 17:20,52.242715,0.018822
1601486432,30/09/2020 17:20,52.242713,0.018902
1601486458,30/09/2020 17:20,52.242695,0.018878
1601486471,30/09/2020 17:21,52.242709,0.018769
1601486474,30/09/2020 17:21,52.242792,0.018463
1601486475,30/09/2020 17:21,52.242792,0.018463
1601486476,30/09/2020 17:21,52.242792,0.018463
1601486480,30/09/2020 17:21,52.242792,0.018463
1601486507,30/09/2020 17:21,52.242709,0.018667
1601486528,30/09/2020 17:22,52.242808,0.018726
1601486529,30/09/2020 17:22,52.242808,0.018726
1601486531,30/09/2020 17:22,52.242623,0.018737
1601486535,30/09/2020 17:22,52.242623,0.018737
1601486539,30/09/2020 17:22,52.242623,0.018737
1601486558,30/09/2020 17:22,52.242623,0.018737
1601486560,30/09/2020 17:22,52.242754,0.018703
1601486562,30/09/2020 17:22,52.242754,0.018703
1601486601,30/09/2020 17:23,52.242739,0.018753
1601486639,30/09/2020 17:23,52.242816,0.018734
1601486641,30/09/2020 17:24,52.242816,0.018734
1601486642,30/09/2020 17:24,52.242736,0.018754
1601486658,30/09/2020 17:24,52.242736,0.018754
1601486679,30/09/2020 17:24,52.2427,0.018741
1601486702,30/09/2020 17:25,52.242669,0.018727
1601486712,30/09/2020 17:25,52.242799,0.018738
1601486729,30/09/2020 17:25,52.242766,0.018714
1601486752,30/09/2020 17:25,52.242749,0.018745
1601486820,30/09/2020 17:27,52.242894,0.018704
1601486841,30/09/2020 17:27,52.242729,0.018751
1601486855,30/09/2020 17:27,52.242845,0.01872
1601486857,30/09/2020 17:27,52.242845,0.01872
1601486874,30/09/2020 17:27,52.242731,0.018698
1601486900,30/09/2020 17:28,52.242707,0.018693
1601486909,30/09/2020 17:28,52.24277,0.01875
1601486910,30/09/2020 17:28,52.242915,0.018783
1601486911,30/09/2020 17:28,52.242915,0.018783
1601486931,30/09/2020 17:28,52.242876,0.018813
1601486943,30/09/2020 17:29,52.242807,0.018735
1601486950,30/09/2020 17:29,52.242776,0.018718
1601487006,30/09/2020 17:30,52.242748,0.018769
1601487012,30/09/2020 17:30,52.242876,0.018704
1601487017,30/09/2020 17:30,52.242654,0.018819
1601487037,30/09/2020 17:30,52.242654,0.018819
1601487039,30/09/2020 17:30,52.242702,0.018663
1601487044,30/09/2020 17:30,52.242702,0.018663
1601487047,30/09/2020 17:30,52.242707,0.018664
1601487068,30/09/2020 17:31,52.242707,0.018664
1601487099,30/09/2020 17:31,52.242709,0.01904
1601487102,30/09/2020 17:31,52.24271,0.019046
1601487103,30/09/2020 17:31,52.24271,0.019046
1601487107,30/09/2020 17:31,52.242742,0.018994
1601487138,30/09/2020 17:32,52.242794,0.018737
1601487140,30/09/2020 17:32,52.242878,0.01871
1601487143,30/09/2020 17:32,52.24278,0.018894
1601487166,30/09/2020 17:32,52.24278,0.018894
1601487178,30/09/2020 17:32,52.242836,0.018713
1601487181,30/09/2020 17:33,52.242818,0.018723
1601487185,30/09/2020 17:33,52.242802,0.018773
1601487188,30/09/2020 17:33,52.242802,0.018773
1601487211,30/09/2020 17:33,52.242738,0.018796
1601487213,30/09/2020 17:33,52.242779,0.018755
1601487214,30/09/2020 17:33,52.242713,0.018601
1601487215,30/09/2020 17:33,52.242711,0.018593
1601487217,30/09/2020 17:33,52.242711,0.018593
1601487239,30/09/2020 17:33,52.242665,0.018774
1601487254,30/09/2020 17:34,52.242775,0.018746
1601487256,30/09/2020 17:34,52.242564,0.019122
1601487260,30/09/2020 17:34,52.242564,0.019122
1601487283,30/09/2020 17:34,52.242685,0.018944
1601487285,30/09/2020 17:34,52.242723,0.018917
1601487289,30/09/2020 17:34,52.242723,0.018917
1601487290,30/09/2020 17:34,52.242853,0.018831
1601487292,30/09/2020 17:34,52.242858,0.018576
1601487294,30/09/2020 17:34,52.242858,0.018688
1601487297,30/09/2020 17:34,52.242858,0.018688
1601487308,30/09/2020 17:35,52.242698,0.018796
1601487381,30/09/2020 17:36,52.242707,0.018824
1601487456,30/09/2020 17:37,52.242826,0.018794
1601487459,30/09/2020 17:37,52.242745,0.018914
1601487465,30/09/2020 17:37,52.242745,0.018914
1601487489,30/09/2020 17:38,52.242745,0.018914
1601487507,30/09/2020 17:38,52.242787,0.01879
1601487508,30/09/2020 17:38,52.242824,0.018932
1601487513,30/09/2020 17:38,52.242867,0.018901
1601487518,30/09/2020 17:38,52.242867,0.018901
1601487541,30/09/2020 17:39,52.242867,0.018901
1601487543,30/09/2020 17:39,52.242746,0.018768
1601487544,30/09/2020 17:39,52.242793,0.01887
1601487570,30/09/2020 17:39,52.242796,0.01887
1601487574,30/09/2020 17:39,52.242796,0.01887
1601487637,30/09/2020 17:40,52.24272,0.018787
1601487640,30/09/2020 17:40,52.242709,0.018776
1601487643,30/09/2020 17:40,52.242824,0.018582
1601487644,30/09/2020 17:40,52.242812,0.018843
1601487647,30/09/2020 17:40,52.242812,0.018843
1601487662,30/09/2020 17:41,52.242764,0.018827
1601487687,30/09/2020 17:41,52.242764,0.018827
1601487713,30/09/2020 17:41,52.242764,0.018827
1601487727,30/09/2020 17:42,52.24271,0.018768
1601487729,30/09/2020 17:42,52.242631,0.018803
1601487730,30/09/2020 17:42,52.242631,0.018803
1601487732,30/09/2020 17:42,52.24263,0.0188
1601487758,30/09/2020 17:42,52.242627,0.018879
1601487870,30/09/2020 17:44,52.242766,0.01876
1601487871,30/09/2020 17:44,52.242766,0.01876
1601487872,30/09/2020 17:44,52.242769,0.018757
1601487895,30/09/2020 17:44,52.242736,0.01877
1601487972,30/09/2020 17:46,52.242707,0.018809
1601487997,30/09/2020 17:46,52.242707,0.018809
1601488012,30/09/2020 17:46,52.242663,0.018768
1601488015,30/09/2020 17:46,52.242765,0.018775
1601488045,30/09/2020 17:47,52.242697,0.018777
1601488061,30/09/2020 17:47,52.242727,0.01876
1601488062,30/09/2020 17:47,52.242727,0.01876
1601488091,30/09/2020 17:48,52.242676,0.018801
1601488124,30/09/2020 17:48,52.242676,0.018804
1601488129,30/09/2020 17:48,52.242715,0.0188
1601488132,30/09/2020 17:48,52.242715,0.0188
1601488133,30/09/2020 17:48,52.242715,0.0188
1601488137,30/09/2020 17:48,52.242711,0.018777
1601488220,30/09/2020 17:50,52.242711,0.018777
1601488223,30/09/2020 17:50,52.2428,0.018856
1601488229,30/09/2020 17:50,52.2428,0.018856
1601488249,30/09/2020 17:50,52.242797,0.018833
1601488254,30/09/2020 17:50,52.242804,0.018765
1601488431,30/09/2020 17:53,52.242792,0.018788
1601488454,30/09/2020 17:54,52.242811,0.018733
1601488456,30/09/2020 17:54,52.242784,0.018677
1601488458,30/09/2020 17:54,52.242572,0.018929
1601488478,30/09/2020 17:54,52.242572,0.018929
1601488480,30/09/2020 17:54,52.242705,0.018597
1601488482,30/09/2020 17:54,52.242705,0.018597
1601488487,30/09/2020 17:54,52.242707,0.018594
1601488508,30/09/2020 17:55,52.242707,0.018594
1601488518,30/09/2020 17:55,52.242689,0.018621
1601488523,30/09/2020 17:55,52.242689,0.018621
1601488530,30/09/2020 17:55,52.242689,0.018621
1601488531,30/09/2020 17:55,52.242689,0.018621
1601488555,30/09/2020 17:55,52.242689,0.018621
1601488566,30/09/2020 17:56,52.242795,0.018736
1601488567,30/09/2020 17:56,52.242816,0.018953
1601488569,30/09/2020 17:56,52.242816,0.018953
1601488575,30/09/2020 17:56,52.242762,0.018964
1601488586,30/09/2020 17:56,52.242762,0.018964
1601488596,30/09/2020 17:56,52.242762,0.018964
1601488627,30/09/2020 17:57,52.242785,0.018901
1601488699,30/09/2020 17:58,52.242869,0.018703
1601488703,30/09/2020 17:58,52.242759,0.018636
1601488704,30/09/2020 17:58,52.242759,0.018636
1601488705,30/09/2020 17:58,52.242759,0.018636
1601488707,30/09/2020 17:58,52.242759,0.018636
1601488708,30/09/2020 17:58,52.242759,0.018636
1601488717,30/09/2020 17:58,52.242759,0.018636
1601488733,30/09/2020 17:58,52.242759,0.018636
1601488737,30/09/2020 17:58,52.242751,0.01874
1601488762,30/09/2020 17:59,52.242751,0.01874
1601488766,30/09/2020 17:59,52.242746,0.018627
1601488790,30/09/2020 17:59,52.242746,0.018627
1601488804,30/09/2020 18:00,52.242792,0.01874
1601488808,30/09/2020 18:00,52.242656,0.018324
1601488809,30/09/2020 18:00,52.242697,0.018395
1601488810,30/09/2020 18:00,52.242697,0.018395
1601488828,30/09/2020 18:00,52.242697,0.018395
1601488830,30/09/2020 18:00,52.242714,0.018874
1601488831,30/09/2020 18:00,52.242714,0.018874
1601488852,30/09/2020 18:00,52.242711,0.018879
1601488857,30/09/2020 18:00,52.242852,0.018724
1601488880,30/09/2020 18:01,52.242754,0.01875
1601488905,30/09/2020 18:01,52.24284,0.018948
1601488910,30/09/2020 18:01,52.242874,0.018718
1601488912,30/09/2020 18:01,52.242839,0.01869
1601488914,30/09/2020 18:01,52.242842,0.018681
1601488915,30/09/2020 18:01,52.242842,0.018681
1601488916,30/09/2020 18:01,52.242842,0.018681
1601488974,30/09/2020 18:02,52.242768,0.01876
1601488982,30/09/2020 18:03,52.242777,0.018747
1601488985,30/09/2020 18:03,52.242892,0.01823
1601488986,30/09/2020 18:03,52.242839,0.018546
1601488990,30/09/2020 18:03,52.242839,0.018546
1601489008,30/09/2020 18:03,52.242839,0.018546
1601489034,30/09/2020 18:03,52.24278,0.018664
1601489040,30/09/2020 18:04,52.24271,0.018767
1601489092,30/09/2020 18:04,52.24271,0.018767
1601489107,30/09/2020 18:05,52.242738,0.018787
1601489121,30/09/2020 18:05,52.242745,0.018795
1601489153,30/09/2020 18:05,52.242752,0.018848
1601489175,30/09/2020 18:06,52.242749,0.018773
1601489176,30/09/2020 18:06,52.242749,0.018773
1601489199,30/09/2020 18:06,52.24258,0.018715
1601489446,30/09/2020 18:10,52.242724,0.018762
1601489448,30/09/2020 18:10,52.242682,0.018832
1601489451,30/09/2020 18:10,52.242811,0.018691
1601489475,30/09/2020 18:11,52.242739,0.018701
1601489564,30/09/2020 18:12,52.242765,0.018748
1601489566,30/09/2020 18:12,52.242754,0.01876
1601489568,30/09/2020 18:12,52.242754,0.01876
1601489570,30/09/2020 18:12,52.24283,0.018822
1601489572,30/09/2020 18:12,52.242731,0.018846
1601489605,30/09/2020 18:13,52.242731,0.018846
1601489627,30/09/2020 18:13,52.242695,0.018876
1601489977,30/09/2020 18:19,52.242701,0.018781
1601490010,30/09/2020 18:20,52.242786,0.019155
1601490118,30/09/2020 18:21,52.242774,0.018765
1601490120,30/09/2020 18:22,52.242697,0.018903
1601490121,30/09/2020 18:22,52.242697,0.018903
1601490213,30/09/2020 18:23,52.242697,0.018903
1601490214,30/09/2020 18:23,52.242697,0.018903
1601490241,30/09/2020 18:24,52.242697,0.018903
1601490295,30/09/2020 18:24,52.242722,0.018842
1601490322,30/09/2020 18:25,52.242724,0.018823
1601490430,30/09/2020 18:27,52.242769,0.018767
1601490433,30/09/2020 18:27,52.242732,0.018779
1601490457,30/09/2020 18:27,52.242685,0.018809
1601490762,30/09/2020 18:32,52.242757,0.018742
1601490767,30/09/2020 18:32,52.242723,0.018782
1601490774,30/09/2020 18:32,52.242723,0.018782
1601490801,30/09/2020 18:33,52.242723,0.018782
1601490891,30/09/2020 18:34,52.242739,0.01877
1601490893,30/09/2020 18:34,52.242717,0.018699
1601490894,30/09/2020 18:34,52.242717,0.018699
1601490895,30/09/2020 18:34,52.242717,0.018699
1601490897,30/09/2020 18:34,52.242717,0.018699
1601490920,30/09/2020 18:35,52.242761,0.01872
1601490925,30/09/2020 18:35,52.242815,0.018748
1601490926,30/09/2020 18:35,52.242832,0.018739
1601490927,30/09/2020 18:35,52.242798,0.018806
1601490928,30/09/2020 18:35,52.24279,0.018788
1601490932,30/09/2020 18:35,52.242786,0.018777
1601490958,30/09/2020 18:35,52.242706,0.018751
1601490983,30/09/2020 18:36,52.242702,0.018773
1601490985,30/09/2020 18:36,52.242652,0.018784
1601490986,30/09/2020 18:36,52.24265,0.018783
1601490990,30/09/2020 18:36,52.242748,0.019124
1601490993,30/09/2020 18:36,52.242726,0.018964
1601490997,30/09/2020 18:36,52.242712,0.018804
1601490998,30/09/2020 18:36,52.242712,0.018804
1601491186,30/09/2020 18:39,52.242864,0.01872
1601491211,30/09/2020 18:40,52.242825,0.01874
1601491213,30/09/2020 18:40,52.242763,0.018754
1601491214,30/09/2020 18:40,52.242763,0.018754
1601491237,30/09/2020 18:40,52.242726,0.018699
1601491340,30/09/2020 18:42,52.242712,0.018773
1601491342,30/09/2020 18:42,52.242712,0.018773
1601491346,30/09/2020 18:42,52.242545,0.018867
1601491349,30/09/2020 18:42,52.242647,0.018857
1601491354,30/09/2020 18:42,52.242744,0.018821
1601491386,30/09/2020 18:43,52.242789,0.018882
1601491393,30/09/2020 18:43,52.242789,0.018882
1601491442,30/09/2020 18:44,52.24277,0.018847
1601491446,30/09/2020 18:44,52.24277,0.018847
1601491471,30/09/2020 18:44,52.242777,0.018834
1601491501,30/09/2020 18:45,52.242725,0.018765
1601491508,30/09/2020 18:45,52.242677,0.018884
1601491577,30/09/2020 18:46,52.242783,0.018742
1601491587,30/09/2020 18:46,52.242801,0.018742
1601491591,30/09/2020 18:46,52.242847,0.018741
1601491592,30/09/2020 18:46,52.242847,0.018741
1601491593,30/09/2020 18:46,52.242847,0.018741
1601491606,30/09/2020 18:46,52.242791,0.018745
1601491632,30/09/2020 18:47,52.242741,0.018686
1601491645,30/09/2020 18:47,52.242748,0.018748
1601491646,30/09/2020 18:47,52.242755,0.018765
1601491648,30/09/2020 18:47,52.242892,0.018389
1601491652,30/09/2020 18:47,52.242906,0.018718
1601491656,30/09/2020 18:47,52.242855,0.01879
1601491666,30/09/2020 18:47,52.242773,0.018725
1601491679,30/09/2020 18:47,52.242773,0.018725
1601491682,30/09/2020 18:48,52.242789,0.018709
1601491701,30/09/2020 18:48,52.242789,0.018709
1601491720,30/09/2020 18:48,52.242789,0.018709
1601491721,30/09/2020 18:48,52.242697,0.018681
1601491722,30/09/2020 18:48,52.242697,0.018681
1601491723,30/09/2020 18:48,52.24269,0.018856
1601491738,30/09/2020 18:48,52.242672,0.018816
1601491764,30/09/2020 18:49,52.242695,0.018799
1601492027,30/09/2020 18:53,52.242676,0.018804
1601492029,30/09/2020 18:53,52.242676,0.018804
1601492051,30/09/2020 18:54,52.242731,0.018698
1601492135,30/09/2020 18:55,52.242826,0.018734
1601492137,30/09/2020 18:55,52.242826,0.018734
1601492150,30/09/2020 18:55,52.242827,0.018735
1601492154,30/09/2020 18:55,52.242832,0.018732
1601492168,30/09/2020 18:56,52.242762,0.018745
1601492192,30/09/2020 18:56,52.242768,0.018738
1601492300,30/09/2020 18:58,52.242821,0.018748
1601492305,30/09/2020 18:58,52.24282,0.018747
1601492306,30/09/2020 18:58,52.24282,0.018747
1601492330,30/09/2020 18:58,52.242806,0.018742
1601492551,30/09/2020 19:02,52.242935,0.018647
1601492554,30/09/2020 19:02,52.242758,0.018552
1601492555,30/09/2020 19:02,52.242672,0.019015
1601492559,30/09/2020 19:02,52.242672,0.019015
1601492562,30/09/2020 19:02,52.242672,0.019015
1601492575,30/09/2020 19:02,52.242738,0.018843
1601492599,30/09/2020 19:03,52.242738,0.018843
1601492623,30/09/2020 19:03,52.242751,0.018784
1601492654,30/09/2020 19:04,52.24275,0.018756
1601492655,30/09/2020 19:04,52.242759,0.018841
1601492656,30/09/2020 19:04,52.242753,0.019007
1601492657,30/09/2020 19:04,52.242776,0.018873
1601493045,30/09/2020 19:10,52.242743,0.018752
1601493073,30/09/2020 19:11,52.242743,0.018752
1601493091,30/09/2020 19:11,52.242743,0.018752
1601493230,30/09/2020 19:13,52.242743,0.018752
1601493237,30/09/2020 19:13,52.242743,0.018752
1601493243,30/09/2020 19:14,52.242743,0.018752
1601493248,30/09/2020 19:14,52.242743,0.018752
1601493253,30/09/2020 19:14,52.242743,0.018752
1601493332,30/09/2020 19:15,52.242743,0.018752
1601493334,30/09/2020 19:15,52.242859,0.01867
1601493401,30/09/2020 19:16,52.242859,0.01867
1601493407,30/09/2020 19:16,52.242863,0.018674
1601499735,30/09/2020 21:02,52.242784,0.018756
1601499761,30/09/2020 21:02,52.242766,0.018777
1601499767,30/09/2020 21:02,52.24278,0.018766
1601499774,30/09/2020 21:02,52.242765,0.018783
1601499778,30/09/2020 21:02,52.242872,0.019048
1601499780,30/09/2020 21:03,52.243074,0.018995
1601499782,30/09/2020 21:03,52.243074,0.018995
1601499787,30/09/2020 21:03,52.242986,0.01888
1601500064,30/09/2020 21:07,52.242901,0.018827
1601501656,30/09/2020 21:34,52.242901,0.018827
1601502122,30/09/2020 21:42,52.242901,0.018827
1601502932,30/09/2020 21:55,52.242901,0.018827
1601503168,30/09/2020 21:59,52.242901,0.018827
1601505119,30/09/2020 22:31,52.24286,0.018858
1601505625,30/09/2020 22:40,52.24286,0.018858
1601505912,30/09/2020 22:45,52.24286,0.018858
1601507310,30/09/2020 23:08,52.24286,0.018858
1601509070,30/09/2020 23:37,52.24286,0.018858
1601509126,30/09/2020 23:38,52.24286,0.018858
1601510344,30/09/2020 23:59,52.24286,0.018858
1601510345,30/09/2020 23:59,52.24286,0.018858